axis,strategy,candidate_id,gate_family,trades,target_trades,diff_trades,abs_diff_trades,win_rate_pct,final_return_pct,max_return_pct,target_max_return_pct,diff_max_return_pct,max_drawdown_pct,target_max_drawdown_pct,diff_max_drawdown_pct,official_cd_value,target_official_cd_value,diff_cd,profit_factor_money,description,params_json,score_to_reference
long_main,6V2_L01_doubleflush_core,LM_DF2934,double_flush_cap_reclaim,592,592,0,0,24.66216216216216,-1.7175533854744351,0.0,23.919059992296397,-23.919059992296397,1.818934216005417,1.7511833415334799,0.06775087447193706,98.18106578399458,121.7490287208,-23.567962936805415,0.6743165327974803,"current=near_ll20_002, prior=prior_ll20_006_l18, cap=hh5, vol>=1.7, close_pos>=0.8, drop=range20_ge_055","{""cap_mode"": ""hh5"", ""close_pos_min2"": 0.8, ""drop_mode"": ""range20_ge_055"", ""low_key"": ""near_ll20_002"", ""prior_key"": ""prior_ll20_006_l18"", ""vol_min"": 1.7}",2398.6810866768333
long_main,6V2_L01_doubleflush_core,LM_DF1980,double_flush_cap_reclaim,596,592,4,4,28.187919463087248,-1.0666371996419621,0.13414473686637063,23.919059992296397,-23.784915255430025,1.5769604906756454,1.7511833415334799,-0.1742228508578345,98.55506883669003,121.7490287208,-23.193959884109972,0.8187841529497931,"current=near_ll20_002, prior=prior_ll20_000_l12, cap=ema20_reclaim, vol>=1.7, close_pos>=0.84, drop=range20_ge_075","{""cap_mode"": ""ema20_reclaim"", ""close_pos_min2"": 0.84, ""drop_mode"": ""range20_ge_075"", ""low_key"": ""near_ll20_002"", ""prior_key"": ""prior_ll20_000_l12"", ""vol_min"": 1.7}",2399.913810628786
long_main,6V2_L01_doubleflush_core,LM_DF1764,double_flush_cap_reclaim,588,592,-4,4,23.809523809523807,-1.727807171078266,0.0,23.919059992296397,-23.919059992296397,1.7927723829952384,1.7511833415334799,0.04158904146175857,98.20722761700476,121.7490287208,-23.541801103795237,0.6623968854949498,"current=near_ll20_002, prior=prior_ll20_000_l12, cap=hh6, vol>=1.35, close_pos>=0.72, drop=range20_ge_055","{""cap_mode"": ""hh6"", ""close_pos_min2"": 0.72, ""drop_mode"": ""range20_ge_055"", ""low_key"": ""near_ll20_002"", ""prior_key"": ""prior_ll20_000_l12"", ""vol_min"": 1.35}",2400.0649033758154
long_main,6V2_L01_doubleflush_core,LM_DF4790,double_flush_cap_reclaim,594,592,2,2,28.28282828282828,-1.1376755945793793,0.033621476328571376,23.919059992296397,-23.885438515967827,1.5929047377906476,1.7511833415334799,-0.1582786037428323,98.44018118044858,121.7490287208,-23.308847540351422,0.8111026293913787,"current=near_ll20_004, prior=prior_ll20_006_l18, cap=ema20_reclaim, vol>=2.0, close_pos>=0.76, drop=range20_ge_075","{""cap_mode"": ""ema20_reclaim"", ""close_pos_min2"": 0.76, ""drop_mode"": ""range20_ge_075"", ""low_key"": ""near_ll20_004"", ""prior_key"": ""prior_ll20_006_l18"", ""vol_min"": 2.0}",2406.371711971066
long_main,6V2_L01_doubleflush_core,LM_DF2534,double_flush_cap_reclaim,582,592,-10,10,24.570446735395187,-1.724319883359271,0.0,23.919059992296397,-23.919059992296397,1.8336530703042229,1.7511833415334799,0.08246972877074299,98.16634692969578,121.7490287208,-23.58268179110422,0.6682940326073658,"current=near_ll20_002, prior=prior_ll20_004_l18, cap=hh5, vol>=1.7, close_pos>=0.8, drop=range20_ge_055","{""cap_mode"": ""hh5"", ""close_pos_min2"": 0.8, ""drop_mode"": ""range20_ge_055"", ""low_key"": ""near_ll20_002"", ""prior_key"": ""prior_ll20_004_l18"", ""vol_min"": 1.7}",2410.152972106714
long_main,6V2_L01_doubleflush_core,LM_DF2169,double_flush_cap_reclaim,584,592,-8,8,23.28767123287671,-1.8281439937581356,0.0,23.919059992296397,-23.919059992296397,1.893042875589643,1.7511833415334799,0.14185953405616303,98.10695712441036,121.7490287208,-23.64207159638964,0.6436691244375558,"current=near_ll20_002, prior=prior_ll20_002_l12, cap=hh6, vol>=1.35, close_pos>=0.76, drop=range20_ge_055","{""cap_mode"": ""hh6"", ""close_pos_min2"": 0.76, ""drop_mode"": ""range20_ge_055"", ""low_key"": ""near_ll20_002"", ""prior_key"": ""prior_ll20_002_l12"", ""vol_min"": 1.35}",2414.091952635256
long_main,6V2_L01_doubleflush_core,LM_DF3185,double_flush_cap_reclaim,583,592,-9,9,28.30188679245283,-1.0532351069943102,0.022507394620085996,23.919059992296397,-23.896552597676312,1.5950457272452176,1.7511833415334799,-0.15613761428826223,98.42710266413866,121.7490287208,-23.32192605666134,0.8225143508428372,"current=near_ll20_002, prior=prior_ll20_006_l18, cap=ema20_reclaim, vol>=2.0, close_pos>=0.72, drop=range20_ge_075","{""cap_mode"": ""ema20_reclaim"", ""close_pos_min2"": 0.72, ""drop_mode"": ""range20_ge_075"", ""low_key"": ""near_ll20_002"", ""prior_key"": ""prior_ll20_006_l18"", ""vol_min"": 2.0}",2414.2690211964577
long_main,6V2_L01_doubleflush_core,LM_DF3223,double_flush_cap_reclaim,589,592,-3,3,23.429541595925297,-1.8529710609652472,0.024509945863560034,23.919059992296397,-23.894550046432837,1.9856192656683573,1.7511833415334799,0.23443592413487746,98.03840400598813,121.7490287208,-23.71062471481187,0.5817466183254941,"current=near_ll20_004, prior=prior_ll20_000_l12, cap=hh3, vol>=1.5, close_pos>=0.72, drop=ret10_le_m025","{""cap_mode"": ""hh3"", ""close_pos_min2"": 0.72, ""drop_mode"": ""ret10_le_m025"", ""low_key"": ""near_ll20_004"", ""prior_key"": ""prior_ll20_000_l12"", ""vol_min"": 1.5}",2415.8985970567715
long_main,6V2_L01_doubleflush_core,LM_DF3623,double_flush_cap_reclaim,591,592,-1,1,23.3502538071066,-1.873014566195097,0.024509945863560034,23.919059992296397,-23.894550046432837,2.0056356815913947,1.7511833415334799,0.25445234005791484,98.01838268405238,121.7490287208,-23.730646036747615,0.579104465730174,"current=near_ll20_004, prior=prior_ll20_002_l12, cap=hh3, vol>=1.5, close_pos>=0.72, drop=ret10_le_m025","{""cap_mode"": ""hh3"", ""close_pos_min2"": 0.72, ""drop_mode"": ""ret10_le_m025"", ""low_key"": ""near_ll20_004"", ""prior_key"": ""prior_ll20_002_l12"", ""vol_min"": 1.5}",2415.900238649075
long_main,6V2_L01_doubleflush_core,LM_DF4023,double_flush_cap_reclaim,593,592,1,1,23.27150084317032,-1.9007090652958025,0.024509945863560034,23.919059992296397,-23.894550046432837,2.020286449464318,1.7511833415334799,0.2691031079308379,98.0037283252842,121.7490287208,-23.745300395515798,0.5754989850593449,"current=near_ll20_004, prior=prior_ll20_004_l18, cap=hh3, vol>=1.5, close_pos>=0.72, drop=ret10_le_m025","{""cap_mode"": ""hh3"", ""close_pos_min2"": 0.72, ""drop_mode"": ""ret10_le_m025"", ""low_key"": ""near_ll20_004"", ""prior_key"": ""prior_ll20_004_l18"", ""vol_min"": 1.5}",2417.3653154363674
long_main,6V2_L01_doubleflush_core,LM_DF4423,double_flush_cap_reclaim,594,592,2,2,23.232323232323232,-1.9143056160936256,0.024509945863560034,23.919059992296397,-23.894550046432837,2.020286449464318,1.7511833415334799,0.2691031079308379,98.0037283252842,121.7490287208,-23.745300395515798,0.5737539943555235,"current=near_ll20_004, prior=prior_ll20_006_l18, cap=hh3, vol>=1.5, close_pos>=0.72, drop=ret10_le_m025","{""cap_mode"": ""hh3"", ""close_pos_min2"": 0.72, ""drop_mode"": ""ret10_le_m025"", ""low_key"": ""near_ll20_004"", ""prior_key"": ""prior_ll20_006_l18"", ""vol_min"": 1.5}",2418.3653154363674
long_main,6V2_L01_doubleflush_core,LM_DF4209,double_flush_cap_reclaim,593,592,1,1,23.77740303541315,-1.9482288057703467,0.0,23.919059992296397,-23.919059992296397,2.0118951938672325,1.7511833415334799,0.2607118523337526,97.98810480613277,121.7490287208,-23.76092391466723,0.6324350968339117,"current=near_ll20_004, prior=prior_ll20_004_l18, cap=hh6, vol>=1.7, close_pos>=0.76, drop=range20_ge_055","{""cap_mode"": ""hh6"", ""close_pos_min2"": 0.76, ""drop_mode"": ""range20_ge_055"", ""low_key"": ""near_ll20_004"", ""prior_key"": ""prior_ll20_004_l18"", ""vol_min"": 1.7}",2418.977184463015
long_main,6V2_L01_doubleflush_core,LM_DF0375,double_flush_cap_reclaim,596,592,4,4,28.691275167785236,-0.9473847129421675,0.06964550973518335,23.919059992296397,-23.849414482561215,1.4415104002151629,1.7511833415334799,-0.309672941318317,98.6271311622539,121.7490287208,-23.121897558546095,0.8388873603733004,"current=near_ll20_000, prior=prior_ll20_000_l12, cap=ema20_reclaim, vol>=1.7, close_pos>=0.8, drop=range20_ge_075","{""cap_mode"": ""ema20_reclaim"", ""close_pos_min2"": 0.8, ""drop_mode"": ""range20_ge_075"", ""low_key"": ""near_ll20_000"", ""prior_key"": ""prior_ll20_000_l12"", ""vol_min"": 1.7}",2419.908742387953
long_main,6V2_L01_doubleflush_core,LM_DF2974,double_flush_cap_reclaim,582,592,-10,10,24.570446735395187,-1.4999424044121246,0.0,23.919059992296397,-23.919059992296397,1.5694675400710738,1.7511833415334799,-0.18171580146240607,98.43053245992893,121.7490287208,-23.318496260871072,0.7012121868555691,"current=near_ll20_002, prior=prior_ll20_006_l18, cap=hh6, vol>=1.35, close_pos>=0.8, drop=range20_ge_055","{""cap_mode"": ""hh6"", ""close_pos_min2"": 0.8, ""drop_mode"": ""range20_ge_055"", ""low_key"": ""near_ll20_002"", ""prior_key"": ""prior_ll20_006_l18"", ""vol_min"": 1.35}",2420.0775793758803
long_main,6V2_L01_doubleflush_core,LM_DF1719,double_flush_cap_reclaim,604,592,12,12,24.337748344370862,-1.8688445669712728,0.0,23.919059992296397,-23.919059992296397,1.9337165427036354,1.7511833415334799,0.18253320117015548,98.06628345729636,121.7490287208,-23.682745263503634,0.6479484750238546,"current=near_ll20_002, prior=prior_ll20_000_l12, cap=hh5, vol>=1.5, close_pos>=0.84, drop=range20_ge_055","{""cap_mode"": ""hh5"", ""close_pos_min2"": 0.84, ""drop_mode"": ""range20_ge_055"", ""low_key"": ""near_ll20_002"", ""prior_key"": ""prior_ll20_000_l12"", ""vol_min"": 1.5}",2422.159319346655
long_main,6V2_L01_doubleflush_core,LM_DF4549,double_flush_cap_reclaim,593,592,1,1,24.620573355817875,-1.9508716274752702,0.012795112434149658,23.919059992296397,-23.90626487986225,2.0962185006086154,1.7511833415334799,0.3450351590751355,97.91630839831151,121.7490287208,-23.832720322488484,0.6370401340939399,"current=near_ll20_004, prior=prior_ll20_006_l18, cap=hh5, vol>=2.0, close_pos>=0.76, drop=range20_ge_055","{""cap_mode"": ""hh5"", ""close_pos_min2"": 0.76, ""drop_mode"": ""range20_ge_055"", ""low_key"": ""near_ll20_004"", ""prior_key"": ""prior_ll20_006_l18"", ""vol_min"": 2.0}",2426.1300038937384
long_main,6V2_L01_doubleflush_core,LM_DF3804,double_flush_cap_reclaim,593,592,1,1,23.440134907251263,-2.0424675580286378,0.0,23.919059992296397,-23.919059992296397,2.0919097757682295,1.7511833415334799,0.3407264342347496,97.90809022423177,121.7490287208,-23.840938496568228,0.6192247394949351,"current=near_ll20_004, prior=prior_ll20_002_l12, cap=hh6, vol>=1.7, close_pos>=0.72, drop=range20_ge_055","{""cap_mode"": ""hh6"", ""close_pos_min2"": 0.72, ""drop_mode"": ""range20_ge_055"", ""low_key"": ""near_ll20_004"", ""prior_key"": ""prior_ll20_002_l12"", ""vol_min"": 1.7}",2426.9786426531145
long_main,6V2_L01_doubleflush_core,LM_DF1724,double_flush_cap_reclaim,602,592,10,10,23.754152823920265,-1.9571428841794192,0.0,23.919059992296397,-23.919059992296397,2.030837671487788,1.7511833415334799,0.27965432995430817,97.96916232851221,121.7490287208,-23.779866392287786,0.6418235448667172,"current=near_ll20_002, prior=prior_ll20_000_l12, cap=hh5, vol>=1.7, close_pos>=0.72, drop=range20_ge_055","{""cap_mode"": ""hh5"", ""close_pos_min2"": 0.72, ""drop_mode"": ""range20_ge_055"", ""low_key"": ""near_ll20_002"", ""prior_key"": ""prior_ll20_000_l12"", ""vol_min"": 1.7}",2429.8714322250707
long_main,6V2_L01_doubleflush_core,LM_DF2129,double_flush_cap_reclaim,588,592,-4,4,23.46938775510204,-2.0173638850299103,0.0,23.919059992296397,-23.919059992296397,2.091013406686301,1.7511833415334799,0.339830065152821,97.9089865933137,121.7490287208,-23.8400421274863,0.6224708895581595,"current=near_ll20_002, prior=prior_ll20_002_l12, cap=hh5, vol>=1.7, close_pos>=0.76, drop=range20_ge_055","{""cap_mode"": ""hh5"", ""close_pos_min2"": 0.76, ""drop_mode"": ""range20_ge_055"", ""low_key"": ""near_ll20_002"", ""prior_key"": ""prior_ll20_002_l12"", ""vol_min"": 1.7}",2429.8890057449216
long_main,6V2_L01_doubleflush_core,LM_DF6395,double_flush_cap_reclaim,583,592,-9,9,28.30188679245283,-1.1386595755450646,0.01925476644266677,23.919059992296397,-23.89980522585373,1.437802417304974,1.7511833415334799,-0.31338092422850594,98.58117550364032,121.7490287208,-23.167853217159674,0.8073385803391471,"current=near_ll20_006, prior=prior_ll20_006_l18, cap=ema20_reclaim, vol>=2.0, close_pos>=0.8, drop=range20_ge_075","{""cap_mode"": ""ema20_reclaim"", ""close_pos_min2"": 0.8, ""drop_mode"": ""range20_ge_075"", ""low_key"": ""near_ll20_006"", ""prior_key"": ""prior_ll20_006_l18"", ""vol_min"": 2.0}",2430.3186150082233
long_main,6V2_L01_doubleflush_core,LM_DF2803,double_flush_cap_reclaim,582,592,-10,10,23.195876288659793,-1.8762257335739552,0.032591407044524345,23.919059992296397,-23.886468585251873,2.0698097362386796,1.7511833415334799,0.3186263947051997,97.96210709068966,121.7490287208,-23.786921630110342,0.5819384803420619,"current=near_ll20_002, prior=prior_ll20_006_l18, cap=hh3, vol>=1.35, close_pos>=0.72, drop=ret10_le_m025","{""cap_mode"": ""hh3"", ""close_pos_min2"": 0.72, ""drop_mode"": ""ret10_le_m025"", ""low_key"": ""near_ll20_002"", ""prior_key"": ""prior_ll20_006_l18"", ""vol_min"": 1.35}",2430.509497995707
long_main,6V2_L01_doubleflush_core,LM_DF2403,double_flush_cap_reclaim,581,592,-11,11,23.23580034423408,-1.8626239041769854,0.032591407044524345,23.919059992296397,-23.886468585251873,2.0698097362386796,1.7511833415334799,0.3186263947051997,97.96210709068966,121.7490287208,-23.786921630110342,0.5837098619096627,"current=near_ll20_002, prior=prior_ll20_004_l18, cap=hh3, vol>=1.35, close_pos>=0.72, drop=ret10_le_m025","{""cap_mode"": ""hh3"", ""close_pos_min2"": 0.72, ""drop_mode"": ""ret10_le_m025"", ""low_key"": ""near_ll20_002"", ""prior_key"": ""prior_ll20_004_l18"", ""vol_min"": 1.35}",2431.509497995707
long_main,6V2_L01_doubleflush_core,LM_DF4609,double_flush_cap_reclaim,603,592,11,11,23.71475953565506,-1.9870846208848603,0.0,23.919059992296397,-23.919059992296397,2.0409429601553484,1.7511833415334799,0.2897596186218685,97.95905703984465,121.7490287208,-23.789971680955347,0.6318114506229586,"current=near_ll20_004, prior=prior_ll20_006_l18, cap=hh6, vol>=1.7, close_pos>=0.76, drop=range20_ge_055","{""cap_mode"": ""hh6"", ""close_pos_min2"": 0.76, ""drop_mode"": ""range20_ge_055"", ""low_key"": ""near_ll20_004"", ""prior_key"": ""prior_ll20_006_l18"", ""vol_min"": 1.7}",2431.8819610918267
long_main,6V2_L01_doubleflush_core,LM_DF4199,double_flush_cap_reclaim,601,592,9,9,23.793677204658902,-1.8879724999323222,0.0,23.919059992296397,-23.919059992296397,2.0694179673110114,1.7511833415334799,0.3182346257775315,97.93058203268899,121.7490287208,-23.81844668811101,0.6443489480866141,"current=near_ll20_004, prior=prior_ll20_004_l18, cap=hh6, vol>=1.5, close_pos>=0.84, drop=range20_ge_055","{""cap_mode"": ""hh6"", ""close_pos_min2"": 0.84, ""drop_mode"": ""range20_ge_055"", ""low_key"": ""near_ll20_004"", ""prior_key"": ""prior_ll20_004_l18"", ""vol_min"": 1.5}",2432.729461807393
long_main,6V2_L01_doubleflush_core,LM_DF4149,double_flush_cap_reclaim,582,592,-10,10,24.742268041237114,-1.9054076620380056,0.012795112434149658,23.919059992296397,-23.90626487986225,2.074886562117459,1.7511833415334799,0.32370322058397916,97.93764306624819,121.7490287208,-23.811385654551813,0.6385728363541354,"current=near_ll20_004, prior=prior_ll20_004_l18, cap=hh5, vol>=2.0, close_pos>=0.76, drop=range20_ge_055","{""cap_mode"": ""hh5"", ""close_pos_min2"": 0.76, ""drop_mode"": ""range20_ge_055"", ""low_key"": ""near_ll20_004"", ""prior_key"": ""prior_ll20_004_l18"", ""vol_min"": 2.0}",2432.9968100446226
long_main,6V2_L01_doubleflush_core,LM_DF0904,double_flush_cap_reclaim,598,592,6,6,24.08026755852843,-2.0561387846547485,0.0,23.919059992296397,-23.919059992296397,2.1201268692026787,1.7511833415334799,0.3689435276691988,97.87987313079732,121.7490287208,-23.869155590002677,0.6242800563190591,"current=near_ll20_000, prior=prior_ll20_004_l18, cap=hh5, vol>=1.5, close_pos>=0.72, drop=range20_ge_055","{""cap_mode"": ""hh5"", ""close_pos_min2"": 0.72, ""drop_mode"": ""range20_ge_055"", ""low_key"": ""near_ll20_000"", ""prior_key"": ""prior_ll20_004_l18"", ""vol_min"": 1.5}",2434.8003519965596
long_main,6V2_L01_doubleflush_core,LM_DF0494,double_flush_cap_reclaim,587,592,-5,5,23.679727427597953,-2.1141390043969865,0.0,23.919059992296397,-23.919059992296397,2.15623087488288,1.7511833415334799,0.4050475333493999,97.84376912511712,121.7490287208,-23.905259595682878,0.597027696738249,"current=near_ll20_000, prior=prior_ll20_002_l12, cap=hh5, vol>=1.35, close_pos>=0.8, drop=range20_ge_055","{""cap_mode"": ""hh5"", ""close_pos_min2"": 0.8, ""drop_mode"": ""range20_ge_055"", ""low_key"": ""near_ll20_000"", ""prior_key"": ""prior_ll20_002_l12"", ""vol_min"": 1.35}",2437.4107525645795
long_main,6V2_L01_doubleflush_core,LM_DF0479,double_flush_cap_reclaim,597,592,5,5,29.145728643216078,-1.2406829346506054,0.0,23.919059992296397,-23.919059992296397,1.3101086375665147,1.7511833415334799,-0.44107470396696513,98.68989136243349,121.7490287208,-23.059137358366513,0.7449197401210642,"current=near_ll20_000, prior=prior_ll20_002_l12, cap=hh3, vol>=2.0, close_pos>=0.84, drop=range20_ge_055","{""cap_mode"": ""hh3"", ""close_pos_min2"": 0.84, ""drop_mode"": ""range20_ge_055"", ""low_key"": ""near_ll20_000"", ""prior_key"": ""prior_ll20_002_l12"", ""vol_min"": 2.0}",2441.0134696263362
long_main,6V2_L01_doubleflush_core,LM_DF1309,double_flush_cap_reclaim,584,592,-8,8,23.458904109589042,-2.1305033057107736,0.0,23.919059992296397,-23.919059992296397,2.1944428068844815,1.7511833415334799,0.4432594653510016,97.80555719311552,121.7490287208,-23.94347152768448,0.5994353525741098,"current=near_ll20_000, prior=prior_ll20_006_l18, cap=hh5, vol>=1.5, close_pos>=0.76, drop=range20_ge_055","{""cap_mode"": ""hh5"", ""close_pos_min2"": 0.76, ""drop_mode"": ""range20_ge_055"", ""low_key"": ""near_ll20_000"", ""prior_key"": ""prior_ll20_006_l18"", ""vol_min"": 1.5}",2444.23194576474
long_main,6V2_L01_doubleflush_core,LM_DF0079,double_flush_cap_reclaim,581,592,-11,11,28.74354561101549,-1.2233128882015332,0.0,23.919059992296397,-23.919059992296397,1.2927508018912732,1.7511833415334799,-0.45843253964220665,98.70724919810873,121.7490287208,-23.04177952269127,0.7397947086241665,"current=near_ll20_000, prior=prior_ll20_000_l12, cap=hh3, vol>=2.0, close_pos>=0.84, drop=range20_ge_055","{""cap_mode"": ""hh3"", ""close_pos_min2"": 0.84, ""drop_mode"": ""range20_ge_055"", ""low_key"": ""near_ll20_000"", ""prior_key"": ""prior_ll20_000_l12"", ""vol_min"": 2.0}",2448.7492531938606
long_main,6V2_L01_doubleflush_core,LM_DF5354,double_flush_cap_reclaim,596,592,4,4,24.664429530201343,-2.0264634658557656,0.0,23.919059992296397,-23.919059992296397,2.292685532137611,1.7511833415334799,0.5415021906041311,97.70731446786239,121.7490287208,-24.04171425293761,0.6266796992010788,"current=near_ll20_006, prior=prior_ll20_002_l12, cap=hh5, vol>=2.0, close_pos>=0.8, drop=range20_ge_055","{""cap_mode"": ""hh5"", ""close_pos_min2"": 0.8, ""drop_mode"": ""range20_ge_055"", ""low_key"": ""near_ll20_006"", ""prior_key"": ""prior_ll20_002_l12"", ""vol_min"": 2.0}",2450.056218290053
long_main,6V2_L01_doubleflush_core,LM_DF4954,double_flush_cap_reclaim,583,592,-9,9,24.528301886792452,-1.9676202423310363,0.0,23.919059992296397,-23.919059992296397,2.3018936588781855,1.7511833415334799,0.5507103173447057,97.69810634112181,121.7490287208,-24.050922379678184,0.6261251798393167,"current=near_ll20_006, prior=prior_ll20_000_l12, cap=hh5, vol>=2.0, close_pos>=0.8, drop=range20_ge_055","{""cap_mode"": ""hh5"", ""close_pos_min2"": 0.8, ""drop_mode"": ""range20_ge_055"", ""low_key"": ""near_ll20_006"", ""prior_key"": ""prior_ll20_000_l12"", ""vol_min"": 2.0}",2455.9770309641103
long_main,6V2_L01_doubleflush_core,LM_DF5819,double_flush_cap_reclaim,590,592,-2,2,22.372881355932204,-2.3073008411776508,0.0,23.919059992296397,-23.919059992296397,2.375053059430911,1.7511833415334799,0.6238697178974313,97.62494694056909,121.7490287208,-24.12408178023091,0.5786938391334484,"current=near_ll20_006, prior=prior_ll20_004_l18, cap=hh6, vol>=1.7, close_pos>=0.84, drop=range20_ge_055","{""cap_mode"": ""hh6"", ""close_pos_min2"": 0.84, ""drop_mode"": ""range20_ge_055"", ""low_key"": ""near_ll20_006"", ""prior_key"": ""prior_ll20_004_l18"", ""vol_min"": 1.7}",2456.292971019383
long_main,6V2_L01_doubleflush_core,LM_DF6219,double_flush_cap_reclaim,597,592,5,5,22.445561139028474,-2.303139338060245,0.0,23.919059992296397,-23.919059992296397,2.3618469731301843,1.7511833415334799,0.6106636315967044,97.63815302686982,121.7490287208,-24.110875693930183,0.5835979918357348,"current=near_ll20_006, prior=prior_ll20_006_l18, cap=hh6, vol>=1.7, close_pos>=0.84, drop=range20_ge_055","{""cap_mode"": ""hh6"", ""close_pos_min2"": 0.84, ""drop_mode"": ""range20_ge_055"", ""low_key"": ""near_ll20_006"", ""prior_key"": ""prior_ll20_006_l18"", ""vol_min"": 1.7}",2457.97236238931
long_main,6V2_L01_doubleflush_core,LM_DF5630,double_flush_cap_reclaim,594,592,2,2,24.915824915824917,-2.1293888123739335,0.038347118451786955,23.919059992296397,-23.880712873844608,2.635777037406323,1.7511833415334799,0.8845936958728431,97.4015593365028,121.7490287208,-24.3474693842972,0.6562343121420101,"current=near_ll20_006, prior=prior_ll20_004_l18, cap=hh3, vol>=1.5, close_pos>=0.76, drop=range20_ge_075","{""cap_mode"": ""hh3"", ""close_pos_min2"": 0.76, ""drop_mode"": ""range20_ge_075"", ""low_key"": ""near_ll20_006"", ""prior_key"": ""prior_ll20_004_l18"", ""vol_min"": 1.5}",2478.5306569717454
long_main,6V2_L01_doubleflush_core,LM_DF6030,double_flush_cap_reclaim,597,592,5,5,24.79061976549414,-2.173803479641323,0.038347118451786955,23.919059992296397,-23.880712873844608,2.6662053909683214,1.7511833415334799,0.9150220494348416,97.37111931454402,121.7490287208,-24.37790940625598,0.6515109314138667,"current=near_ll20_006, prior=prior_ll20_006_l18, cap=hh3, vol>=1.5, close_pos>=0.76, drop=range20_ge_075","{""cap_mode"": ""hh3"", ""close_pos_min2"": 0.76, ""drop_mode"": ""range20_ge_075"", ""low_key"": ""near_ll20_006"", ""prior_key"": ""prior_ll20_006_l18"", ""vol_min"": 1.5}",2484.573492327945
long_main,6V2_L01_doubleflush_core,LM_DF3615,double_flush_cap_reclaim,592,592,0,0,23.47972972972973,-2.304020796850781,0.0621214087281885,23.919059992296397,-23.85693858356821,2.7895032432990194,1.7511833415334799,1.0383199017655396,97.27088528671791,121.7490287208,-24.478143434082085,0.6276776721102695,"current=near_ll20_004, prior=prior_ll20_002_l12, cap=hh3, vol>=1.35, close_pos>=0.8, drop=range20_ge_075","{""cap_mode"": ""hh3"", ""close_pos_min2"": 0.8, ""drop_mode"": ""range20_ge_075"", ""low_key"": ""near_ll20_004"", ""prior_key"": ""prior_ll20_002_l12"", ""vol_min"": 1.35}",2489.5258485333748
long_main,6V2_L01_doubleflush_core,LM_DF5230,double_flush_cap_reclaim,582,592,-10,10,24.570446735395187,-2.1745017615516837,0.038347118451786955,23.919059992296397,-23.880712873844608,2.6983751628413573,1.7511833415334799,0.9471918213078774,97.33893720649046,121.7490287208,-24.410091514309542,0.6420599141445762,"current=near_ll20_006, prior=prior_ll20_002_l12, cap=hh3, vol>=1.5, close_pos>=0.76, drop=range20_ge_075","{""cap_mode"": ""hh3"", ""close_pos_min2"": 0.76, ""drop_mode"": ""range20_ge_075"", ""low_key"": ""near_ll20_006"", ""prior_key"": ""prior_ll20_002_l12"", ""vol_min"": 1.5}",2492.790469515249
long_main,6V2_L01_doubleflush_core,LM_DF4015,double_flush_cap_reclaim,604,592,12,12,23.841059602649008,-2.25028627306737,0.0621214087281885,23.919059992296397,-23.85693858356821,2.71832400818746,1.7511833415334799,0.9671406666539801,97.34210873937306,121.7490287208,-24.406919981426938,0.6427694603762933,"current=near_ll20_004, prior=prior_ll20_004_l18, cap=hh3, vol>=1.35, close_pos>=0.8, drop=range20_ge_075","{""cap_mode"": ""hh3"", ""close_pos_min2"": 0.8, ""drop_mode"": ""range20_ge_075"", ""low_key"": ""near_ll20_004"", ""prior_key"": ""prior_ll20_004_l18"", ""vol_min"": 1.35}",2494.407925022219
long_main,6V2_L01_doubleflush_core,LM_DF3215,double_flush_cap_reclaim,585,592,-7,7,23.418803418803417,-2.2876726239217327,0.054294827913703436,23.919059992296397,-23.864765164382693,2.774375355915123,1.7511833415334799,1.0231920143816433,97.27841312967341,121.7490287208,-24.470615591126588,0.6240004681837725,"current=near_ll20_004, prior=prior_ll20_000_l12, cap=hh3, vol>=1.35, close_pos>=0.8, drop=range20_ge_075","{""cap_mode"": ""hh3"", ""close_pos_min2"": 0.8, ""drop_mode"": ""range20_ge_075"", ""low_key"": ""near_ll20_004"", ""prior_key"": ""prior_ll20_000_l12"", ""vol_min"": 1.35}",2495.7957178764336
long_max,8V4_V51_V002_core_rare22_c1,LX_R2200078,rare22_c1_microbase_pop,18983,2276,16707,16707,29.505346889322027,-24.778371358735583,0.04352866669607991,44.2663709059274,-44.222842239231326,24.811100084372313,6.758721629897446,18.05237845447487,75.2216286412644,134.5158668232,-59.29423818193561,0.6963711350842241,"rare=near_ll22_0005, prior=prior_ll22_0005_l18, microbase=range6_t035, pop=hh3_000, close_pos>=0.82, vol>=2.0, c1=ret2_pos","{""c1_mode"": ""ret2_pos"", ""close_pos_min2"": 0.82, ""microbase_mode"": ""range6_t035"", ""pop_mode"": ""hh3_000"", ""prior_key"": ""prior_ll22_0005_l18"", ""rare_key"": ""near_ll22_0005"", ""vol_min"": 2.0}",22934.522069370618
long_max,8V4_V51_V002_core_rare22_c1,LX_R2204078,rare22_c1_microbase_pop,18984,2276,16708,16708,29.503792667509483,-24.784060782622873,0.04352866669607991,44.2663709059274,-44.222842239231326,24.816787032806776,6.758721629897446,18.058065402909328,75.21593921737713,134.5158668232,-59.29992760582289,0.6963206725164232,"rare=near_ll22_002, prior=prior_ll22_0005_l18, microbase=range6_t035, pop=hh3_000, close_pos>=0.82, vol>=2.0, c1=ret2_pos","{""c1_mode"": ""ret2_pos"", ""close_pos_min2"": 0.82, ""microbase_mode"": ""range6_t035"", ""pop_mode"": ""hh3_000"", ""prior_key"": ""prior_ll22_0005_l18"", ""rare_key"": ""near_ll22_002"", ""vol_min"": 2.0}",22936.090764214066
long_max,8V4_V51_V002_core_rare22_c1,LX_R2200878,rare22_c1_microbase_pop,19151,2276,16875,16875,29.585922406140668,-24.596781580539893,0.004177410447869789,44.2663709059274,-44.262193495479536,24.599931350885342,6.758721629897446,17.841209720987898,75.4032184194601,134.5158668232,-59.11264840373991,0.7037585049835772,"rare=near_ll22_0005, prior=prior_ll22_0005_l18, microbase=range8_t050, pop=hh3_000, close_pos>=0.82, vol>=2.0, c1=ret2_pos","{""c1_mode"": ""ret2_pos"", ""close_pos_min2"": 0.82, ""microbase_mode"": ""range8_t050"", ""pop_mode"": ""hh3_000"", ""prior_key"": ""prior_ll22_0005_l18"", ""rare_key"": ""near_ll22_0005"", ""vol_min"": 2.0}",23085.34032164674
long_max,8V4_V51_V002_core_rare22_c1,LX_R2204878,rare22_c1_microbase_pop,19152,2276,16876,16876,29.5843776106934,-24.602484739056905,0.004177410447869789,44.2663709059274,-44.262193495479536,24.605634271167965,6.758721629897446,17.84691264127052,75.39751526094311,134.5158668232,-59.118351562256905,0.7037082973463104,"rare=near_ll22_002, prior=prior_ll22_0005_l18, microbase=range8_t050, pop=hh3_000, close_pos>=0.82, vol>=2.0, c1=ret2_pos","{""c1_mode"": ""ret2_pos"", ""close_pos_min2"": 0.82, ""microbase_mode"": ""range8_t050"", ""pop_mode"": ""hh3_000"", ""prior_key"": ""prior_ll22_0005_l18"", ""rare_key"": ""near_ll22_002"", ""vol_min"": 2.0}",23086.910613675005
long_max,8V4_V51_V002_core_rare22_c1,LX_R2200478,rare22_c1_microbase_pop,19175,2276,16899,16899,29.57496740547588,-24.69375564089954,0.02312998191649207,44.2663709059274,-44.24324092401091,24.711169933679024,6.758721629897446,17.95244830378158,75.30624435910046,134.5158668232,-59.20962246409955,0.7035464421356961,"rare=near_ll22_0005, prior=prior_ll22_0005_l18, microbase=range6_t045, pop=hh3_000, close_pos>=0.82, vol>=2.0, c1=ret2_pos","{""c1_mode"": ""ret2_pos"", ""close_pos_min2"": 0.82, ""microbase_mode"": ""range6_t045"", ""pop_mode"": ""hh3_000"", ""prior_key"": ""prior_ll22_0005_l18"", ""rare_key"": ""near_ll22_0005"", ""vol_min"": 2.0}",23118.568922779246
long_max,8V4_V51_V002_core_rare22_c1,LX_R2204478,rare22_c1_microbase_pop,19176,2276,16900,16900,29.573425114726742,-24.699451464737198,0.02312998191649207,44.2663709059274,-44.24324092401091,24.71686444037831,6.758721629897446,17.958142810480865,75.3005485352628,134.5158668232,-59.21531828793721,0.7034964660002871,"rare=near_ll22_002, prior=prior_ll22_0005_l18, microbase=range6_t045, pop=hh3_000, close_pos>=0.82, vol>=2.0, c1=ret2_pos","{""c1_mode"": ""ret2_pos"", ""close_pos_min2"": 0.82, ""microbase_mode"": ""range6_t045"", ""pop_mode"": ""hh3_000"", ""prior_key"": ""prior_ll22_0005_l18"", ""rare_key"": ""near_ll22_002"", ""vol_min"": 2.0}",23120.138373449176
long_max,8V4_V51_V002_core_rare22_c1,LX_R2200077,rare22_c1_microbase_pop,19151,2276,16875,16875,29.512819173933476,-25.071884659823894,0.033493952796326276,44.2663709059274,-44.232876953131075,25.096972644449387,6.758721629897446,18.338251014551943,74.92811534017609,134.5158668232,-59.58775148302392,0.6948888187835082,"rare=near_ll22_0005, prior=prior_ll22_0005_l18, microbase=range6_t035, pop=hh3_000, close_pos>=0.82, vol>=2.0, c1=ret1_pos","{""c1_mode"": ""ret1_pos"", ""close_pos_min2"": 0.82, ""microbase_mode"": ""range6_t035"", ""pop_mode"": ""hh3_000"", ""prior_key"": ""prior_ll22_0005_l18"", ""rare_key"": ""near_ll22_0005"", ""vol_min"": 2.0}",23132.1127967683
long_max,8V4_V51_V002_core_rare22_c1,LX_R2204077,rare22_c1_microbase_pop,19152,2276,16876,16876,29.51127819548872,-25.077551883691697,0.033493952796326276,44.2663709059274,-44.232876953131075,25.102637970775465,6.758721629897446,18.343916340878017,74.9224481163083,134.5158668232,-59.59341870689171,0.6948389637948738,"rare=near_ll22_002, prior=prior_ll22_0005_l18, microbase=range6_t035, pop=hh3_000, close_pos>=0.82, vol>=2.0, c1=ret1_pos","{""c1_mode"": ""ret1_pos"", ""close_pos_min2"": 0.82, ""microbase_mode"": ""range6_t035"", ""pop_mode"": ""hh3_000"", ""prior_key"": ""prior_ll22_0005_l18"", ""rare_key"": ""near_ll22_002"", ""vol_min"": 2.0}",23133.679329400908
long_max,8V4_V51_V002_core_rare22_c1,LX_R2201278,rare22_c1_microbase_pop,19264,2276,16988,16988,29.614825581395348,-24.600038942281643,0.004177410447869789,44.2663709059274,-44.262193495479536,24.603188576559404,6.758721629897446,17.84446694666196,75.39996105771836,134.5158668232,-59.115905765481656,0.7078117243355797,"rare=near_ll22_0005, prior=prior_ll22_0005_l18, microbase=range8_t065, pop=hh3_000, close_pos>=0.82, vol>=2.0, c1=ret2_pos","{""c1_mode"": ""ret2_pos"", ""close_pos_min2"": 0.82, ""microbase_mode"": ""range8_t065"", ""pop_mode"": ""hh3_000"", ""prior_key"": ""prior_ll22_0005_l18"", ""rare_key"": ""near_ll22_0005"", ""vol_min"": 2.0}",23198.666044214147
long_max,8V4_V51_V002_core_rare22_c1,LX_R2205278,rare22_c1_microbase_pop,19265,2276,16989,16989,29.6132883467428,-24.605741854427123,0.004177410447869789,44.2663709059274,-44.262193495479536,24.608891250480788,6.758721629897446,17.850169620583344,75.39425814557288,134.5158668232,-59.12160867762714,0.7077619180942356,"rare=near_ll22_002, prior=prior_ll22_0005_l18, microbase=range8_t065, pop=hh3_000, close_pos>=0.82, vol>=2.0, c1=ret2_pos","{""c1_mode"": ""ret2_pos"", ""close_pos_min2"": 0.82, ""microbase_mode"": ""range8_t065"", ""pop_mode"": ""hh3_000"", ""prior_key"": ""prior_ll22_0005_l18"", ""rare_key"": ""near_ll22_002"", ""vol_min"": 2.0}",23200.236311606284
long_max,8V4_V51_V002_core_rare22_c1,LX_R2201678,rare22_c1_microbase_pop,19270,2276,16994,16994,29.615983393876494,-24.589309304303175,0.0042428475008016164,44.2663709059274,-44.2621280584266,24.592508729161967,6.758721629897446,17.83378709926452,75.41069069569684,134.5158668232,-59.10517612750317,0.7082433741488794,"rare=near_ll22_0005, prior=prior_ll22_0005_l18, microbase=range10_t075, pop=hh3_000, close_pos>=0.82, vol>=2.0, c1=ret2_pos","{""c1_mode"": ""ret2_pos"", ""close_pos_min2"": 0.82, ""microbase_mode"": ""range10_t075"", ""pop_mode"": ""hh3_000"", ""prior_key"": ""prior_ll22_0005_l18"", ""rare_key"": ""near_ll22_0005"", ""vol_min"": 2.0}",23203.591515769112
long_max,8V4_V51_V002_core_rare22_c1,LX_R2205678,rare22_c1_microbase_pop,19271,2276,16995,16995,29.614446577759328,-24.595013027989733,0.0042428475008016164,44.2663709059274,-44.2621280584266,24.5982122108585,6.758721629897446,17.839490580961055,75.40498697201028,134.5158668232,-59.110879851189736,0.7081935862437007,"rare=near_ll22_002, prior=prior_ll22_0005_l18, microbase=range10_t075, pop=hh3_000, close_pos>=0.82, vol>=2.0, c1=ret2_pos","{""c1_mode"": ""ret2_pos"", ""close_pos_min2"": 0.82, ""microbase_mode"": ""range10_t075"", ""pop_mode"": ""hh3_000"", ""prior_key"": ""prior_ll22_0005_l18"", ""rare_key"": ""near_ll22_002"", ""vol_min"": 2.0}",23205.161863938767
long_max,8V4_V51_V002_core_rare22_c1,LX_R2200877,rare22_c1_microbase_pop,19320,2276,17044,17044,29.591097308488614,-24.900035342833505,0.004177410447869789,44.2663709059274,-44.262193495479536,24.903172445553782,6.758721629897446,18.144450815656334,75.0999646571665,134.5158668232,-59.41590216603352,0.7021502780683949,"rare=near_ll22_0005, prior=prior_ll22_0005_l18, microbase=range8_t050, pop=hh3_000, close_pos>=0.82, vol>=2.0, c1=ret1_pos","{""c1_mode"": ""ret1_pos"", ""close_pos_min2"": 0.82, ""microbase_mode"": ""range8_t050"", ""pop_mode"": ""hh3_000"", ""prior_key"": ""prior_ll22_0005_l18"", ""rare_key"": ""near_ll22_0005"", ""vol_min"": 2.0}",23284.664431113586
long_max,8V4_V51_V002_core_rare22_c1,LX_R2204877,rare22_c1_microbase_pop,19321,2276,17045,17045,29.58956575746597,-24.90571556460702,0.004177410447869789,44.2663709059274,-44.262193495479536,24.90885243005103,6.758721629897446,18.150130800153583,75.09428443539298,134.5158668232,-59.421582387807035,0.7021006852652265,"rare=near_ll22_002, prior=prior_ll22_0005_l18, microbase=range8_t050, pop=hh3_000, close_pos>=0.82, vol>=2.0, c1=ret1_pos","{""c1_mode"": ""ret1_pos"", ""close_pos_min2"": 0.82, ""microbase_mode"": ""range8_t050"", ""pop_mode"": ""hh3_000"", ""prior_key"": ""prior_ll22_0005_l18"", ""rare_key"": ""near_ll22_002"", ""vol_min"": 2.0}",23286.232429563308
long_max,8V4_V51_V002_core_rare22_c1,LX_R2200477,rare22_c1_microbase_pop,19344,2276,17068,17068,29.58023159636063,-24.99661939664791,0.013097314075705135,44.2663709059274,-44.253273591851695,25.006441538536162,6.758721629897446,18.247719908638715,75.00338060335208,134.5158668232,-59.51248621984793,0.7019480213971598,"rare=near_ll22_0005, prior=prior_ll22_0005_l18, microbase=range6_t045, pop=hh3_000, close_pos>=0.82, vol>=2.0, c1=ret1_pos","{""c1_mode"": ""ret1_pos"", ""close_pos_min2"": 0.82, ""microbase_mode"": ""range6_t045"", ""pop_mode"": ""hh3_000"", ""prior_key"": ""prior_ll22_0005_l18"", ""rare_key"": ""near_ll22_0005"", ""vol_min"": 2.0}",23318.09935004904
long_max,8V4_V51_V002_core_rare22_c1,LX_R2204477,rare22_c1_microbase_pop,19345,2276,17069,17069,29.578702507107778,-25.002292313240694,0.013097314075705135,44.2663709059274,-44.253273591851695,25.01211371222653,6.758721629897446,18.253392082329086,74.99770768675931,134.5158668232,-59.5181591364407,0.7018986552885966,"rare=near_ll22_002, prior=prior_ll22_0005_l18, microbase=range6_t045, pop=hh3_000, close_pos>=0.82, vol>=2.0, c1=ret1_pos","{""c1_mode"": ""ret1_pos"", ""close_pos_min2"": 0.82, ""microbase_mode"": ""range6_t045"", ""pop_mode"": ""hh3_000"", ""prior_key"": ""prior_ll22_0005_l18"", ""rare_key"": ""near_ll22_002"", ""vol_min"": 2.0}",23319.666567418077
long_max,8V4_V51_V002_core_rare22_c1,LX_R2201277,rare22_c1_microbase_pop,19433,2276,17157,17157,29.619719034631814,-24.903279604244265,0.004177410447869789,44.2663709059274,-44.262193495479536,24.906416571444083,6.758721629897446,18.14769494154664,75.09672039575574,134.5158668232,-59.419146427444275,0.7061931412113844,"rare=near_ll22_0005, prior=prior_ll22_0005_l18, microbase=range8_t065, pop=hh3_000, close_pos>=0.82, vol>=2.0, c1=ret1_pos","{""c1_mode"": ""ret1_pos"", ""close_pos_min2"": 0.82, ""microbase_mode"": ""range8_t065"", ""pop_mode"": ""hh3_000"", ""prior_key"": ""prior_ll22_0005_l18"", ""rare_key"": ""near_ll22_0005"", ""vol_min"": 2.0}",23397.988843702617
long_max,8V4_V51_V002_core_rare22_c1,LX_R2205277,rare22_c1_microbase_pop,19434,2276,17158,17158,29.618194916126377,-24.908959580637045,0.004177410447869789,44.2663709059274,-44.262193495479536,24.912096310570853,6.758721629897446,18.15337468067341,75.09104041936295,134.5158668232,-59.42482640383706,0.7061439396725295,"rare=near_ll22_002, prior=prior_ll22_0005_l18, microbase=range8_t065, pop=hh3_000, close_pos>=0.82, vol>=2.0, c1=ret1_pos","{""c1_mode"": ""ret1_pos"", ""close_pos_min2"": 0.82, ""microbase_mode"": ""range8_t065"", ""pop_mode"": ""hh3_000"", ""prior_key"": ""prior_ll22_0005_l18"", ""rare_key"": ""near_ll22_002"", ""vol_min"": 2.0}",23399.556817615292
long_max,8V4_V51_V002_core_rare22_c1,LX_R2201677,rare22_c1_microbase_pop,19439,2276,17163,17163,29.62086527084726,-24.892593118310778,0.004177410447869789,44.2663709059274,-44.262193495479536,24.89573053191034,6.758721629897446,18.137008902012894,75.10740688168922,134.5158668232,-59.4084599415108,0.7066234827571328,"rare=near_ll22_0005, prior=prior_ll22_0005_l18, microbase=range10_t075, pop=hh3_000, close_pos>=0.82, vol>=2.0, c1=ret1_pos","{""c1_mode"": ""ret1_pos"", ""close_pos_min2"": 0.82, ""microbase_mode"": ""range10_t075"", ""pop_mode"": ""hh3_000"", ""prior_key"": ""prior_ll22_0005_l18"", ""rare_key"": ""near_ll22_0005"", ""vol_min"": 2.0}",23402.92023974924
long_max,8V4_V51_V002_core_rare22_c1,LX_R2205677,rare22_c1_microbase_pop,19440,2276,17164,17164,29.619341563786005,-24.898273902981018,0.004177410447869789,44.2663709059274,-44.262193495479536,24.90141107928079,6.758721629897446,18.142689449383347,75.10172609701898,134.5158668232,-59.41414072618103,0.7065742991380772,"rare=near_ll22_002, prior=prior_ll22_0005_l18, microbase=range10_t075, pop=hh3_000, close_pos>=0.82, vol>=2.0, c1=ret1_pos","{""c1_mode"": ""ret1_pos"", ""close_pos_min2"": 0.82, ""microbase_mode"": ""range10_t075"", ""pop_mode"": ""hh3_000"", ""prior_key"": ""prior_ll22_0005_l18"", ""rare_key"": ""near_ll22_002"", ""vol_min"": 2.0}",23404.488294486287
long_max,8V4_V51_V002_core_rare22_c1,LX_R2200080,rare22_c1_microbase_pop,19560,2276,17284,17284,29.013292433537835,-26.839292731462415,0.023481330890851027,44.2663709059274,-44.24288957503655,26.85646780628208,6.758721629897446,20.097746176384632,73.16070726853758,134.5158668232,-61.355159554662436,0.6777295440117331,"rare=near_ll22_0005, prior=prior_ll22_0005_l18, microbase=range6_t035, pop=hh3_000, close_pos>=0.82, vol>=2.0, c1=not_hh20_chase","{""c1_mode"": ""not_hh20_chase"", ""close_pos_min2"": 0.82, ""microbase_mode"": ""range6_t035"", ""pop_mode"": ""hh3_000"", ""prior_key"": ""prior_ll22_0005_l18"", ""rare_key"": ""near_ll22_0005"", ""vol_min"": 2.0}",23718.063575142118
long_max,8V4_V51_V002_core_rare22_c1,LX_R2204080,rare22_c1_microbase_pop,19561,2276,17285,17285,29.011809212207968,-26.844826276575173,0.023481330890851027,44.2663709059274,-44.24288957503655,26.86200005234983,6.758721629897446,20.103278422452384,73.15517372342482,134.5158668232,-61.36069309977519,0.6776824890348153,"rare=near_ll22_002, prior=prior_ll22_0005_l18, microbase=range6_t035, pop=hh3_000, close_pos>=0.82, vol>=2.0, c1=not_hh20_chase","{""c1_mode"": ""not_hh20_chase"", ""close_pos_min2"": 0.82, ""microbase_mode"": ""range6_t035"", ""pop_mode"": ""hh3_000"", ""prior_key"": ""prior_ll22_0005_l18"", ""rare_key"": ""near_ll22_002"", ""vol_min"": 2.0}",23719.616799748892
long_max,8V4_V51_V002_core_rare22_c1,LX_R2200880,rare22_c1_microbase_pop,19724,2276,17448,17448,29.09146217805719,-26.726527897037567,0.004177410447869789,44.2663709059274,-44.262193495479536,26.72958870285429,6.758721629897446,19.970867072956842,73.27347210296244,134.5158668232,-61.24239472023757,0.6842397174501228,"rare=near_ll22_0005, prior=prior_ll22_0005_l18, microbase=range8_t050, pop=hh3_000, close_pos>=0.82, vol>=2.0, c1=not_hh20_chase","{""c1_mode"": ""not_hh20_chase"", ""close_pos_min2"": 0.82, ""microbase_mode"": ""range8_t050"", ""pop_mode"": ""hh3_000"", ""prior_key"": ""prior_ll22_0005_l18"", ""rare_key"": ""near_ll22_0005"", ""vol_min"": 2.0}",23871.306056843634
long_max,8V4_V51_V002_core_rare22_c1,LX_R2204880,rare22_c1_microbase_pop,19725,2276,17449,17449,29.08998732572877,-26.7320699711733,0.004177410447869789,44.2663709059274,-44.262193495479536,26.73513054548451,6.758721629897446,19.976408915587065,73.2679300288267,134.5158668232,-61.24793679437332,0.6841929325261784,"rare=near_ll22_002, prior=prior_ll22_0005_l18, microbase=range8_t050, pop=hh3_000, close_pos>=0.82, vol>=2.0, c1=not_hh20_chase","{""c1_mode"": ""not_hh20_chase"", ""close_pos_min2"": 0.82, ""microbase_mode"": ""range8_t050"", ""pop_mode"": ""hh3_000"", ""prior_key"": ""prior_ll22_0005_l18"", ""rare_key"": ""near_ll22_002"", ""vol_min"": 2.0}",23872.860241106657
long_max,8V4_V51_V002_core_rare22_c1,LX_R2200079,rare22_c1_microbase_pop,19725,2276,17449,17449,29.039290240811155,-26.98824678223154,0.015292191224203222,44.2663709059274,-44.2510787147032,26.999410172022838,6.758721629897446,20.24068854212539,73.01175321776846,134.5158668232,-61.504113605431556,0.6792843493459841,"rare=near_ll22_0005, prior=prior_ll22_0005_l18, microbase=range6_t035, pop=hh3_000, close_pos>=0.82, vol>=2.0, c1=close_gt_ema20_m015","{""c1_mode"": ""close_gt_ema20_m015"", ""close_pos_min2"": 0.82, ""microbase_mode"": ""range6_t035"", ""pop_mode"": ""hh3_000"", ""prior_key"": ""prior_ll22_0005_l18"", ""rare_key"": ""near_ll22_0005"", ""vol_min"": 2.0}",23898.176725682857
long_max,8V4_V51_V002_core_rare22_c1,LX_R2204079,rare22_c1_microbase_pop,19726,2276,17450,17450,29.037818108080703,-26.99376906113403,0.015292191224203222,44.2663709059274,-44.2510787147032,27.004931606576992,6.758721629897446,20.246209976679545,73.00623093886595,134.5158668232,-61.50963588433406,0.6792377600878077,"rare=near_ll22_002, prior=prior_ll22_0005_l18, microbase=range6_t035, pop=hh3_000, close_pos>=0.82, vol>=2.0, c1=close_gt_ema20_m015","{""c1_mode"": ""close_gt_ema20_m015"", ""close_pos_min2"": 0.82, ""microbase_mode"": ""range6_t035"", ""pop_mode"": ""hh3_000"", ""prior_key"": ""prior_ll22_0005_l18"", ""rare_key"": ""near_ll22_002"", ""vol_min"": 2.0}",23899.72886913827
long_max,8V4_V51_V002_core_rare22_c1,LX_R2200076,rare22_c1_microbase_pop,19731,2276,17455,17455,29.050732350108966,-26.965073730652268,0.033493952796326276,44.2663709059274,-44.232876953131075,26.989527823739362,6.758721629897446,20.230806193841914,73.03492626934774,134.5158668232,-61.48094055385228,0.679771711466145,"rare=near_ll22_0005, prior=prior_ll22_0005_l18, microbase=range6_t035, pop=hh3_000, close_pos>=0.82, vol>=2.0, c1=none","{""c1_mode"": ""none"", ""close_pos_min2"": 0.82, ""microbase_mode"": ""range6_t035"", ""pop_mode"": ""hh3_000"", ""prior_key"": ""prior_ll22_0005_l18"", ""rare_key"": ""near_ll22_0005"", ""vol_min"": 2.0}",23901.368314697298
long_max,8V4_V51_V002_core_rare22_c1,LX_R2204076,rare22_c1_microbase_pop,19732,2276,17456,17456,29.049260085140887,-26.97059776225895,0.033493952796326276,44.2663709059274,-44.232876953131075,26.99505000574901,6.758721629897446,20.236328375851564,73.02940223774105,134.5158668232,-61.48646458545896,0.6797251054363773,"rare=near_ll22_002, prior=prior_ll22_0005_l18, microbase=range6_t035, pop=hh3_000, close_pos>=0.82, vol>=2.0, c1=none","{""c1_mode"": ""none"", ""close_pos_min2"": 0.82, ""microbase_mode"": ""range6_t035"", ""pop_mode"": ""hh3_000"", ""prior_key"": ""prior_ll22_0005_l18"", ""rare_key"": ""near_ll22_002"", ""vol_min"": 2.0}",23902.92053289826
long_max,8V4_V51_V002_core_rare22_c1,LX_R2200480,rare22_c1_microbase_pop,19750,2276,17474,17474,29.08354430379747,-26.786362555045685,0.004177410447869789,44.2663709059274,-44.262193495479536,26.789420861427566,6.758721629897446,20.03069923153012,73.2136374449543,134.5158668232,-61.30222937824571,0.684624905933989,"rare=near_ll22_0005, prior=prior_ll22_0005_l18, microbase=range6_t045, pop=hh3_000, close_pos>=0.82, vol>=2.0, c1=not_hh20_chase","{""c1_mode"": ""not_hh20_chase"", ""close_pos_min2"": 0.82, ""microbase_mode"": ""range6_t045"", ""pop_mode"": ""hh3_000"", ""prior_key"": ""prior_ll22_0005_l18"", ""rare_key"": ""near_ll22_0005"", ""vol_min"": 2.0}",23903.289272700964
long_max,8V4_V51_V002_core_rare22_c1,LX_R2204480,rare22_c1_microbase_pop,19751,2276,17475,17475,29.082071793833226,-26.791900103557975,0.004177410447869789,44.2663709059274,-44.262193495479536,26.79495817862339,6.758721629897446,20.036236548725945,73.20809989644202,134.5158668232,-61.30776692675799,0.6845782902533767,"rare=near_ll22_002, prior=prior_ll22_0005_l18, microbase=range6_t045, pop=hh3_000, close_pos>=0.82, vol>=2.0, c1=not_hh20_chase","{""c1_mode"": ""not_hh20_chase"", ""close_pos_min2"": 0.82, ""microbase_mode"": ""range6_t045"", ""pop_mode"": ""hh3_000"", ""prior_key"": ""prior_ll22_0005_l18"", ""rare_key"": ""near_ll22_002"", ""vol_min"": 2.0}",23904.843004420545
long_max,8V4_V51_V002_core_rare22_c1,LX_R2201280,rare22_c1_microbase_pop,19833,2276,17557,17557,29.123178540815815,-26.708443030193564,0.004177410447869789,44.2663709059274,-44.262193495479536,26.711504591457846,6.758721629897446,19.952782961560402,73.29155696980644,134.5158668232,-61.22430985339358,0.6884317740382647,"rare=near_ll22_0005, prior=prior_ll22_0005_l18, microbase=range8_t065, pop=hh3_000, close_pos>=0.82, vol>=2.0, c1=not_hh20_chase","{""c1_mode"": ""not_hh20_chase"", ""close_pos_min2"": 0.82, ""microbase_mode"": ""range8_t065"", ""pop_mode"": ""hh3_000"", ""prior_key"": ""prior_ll22_0005_l18"", ""rare_key"": ""near_ll22_0005"", ""vol_min"": 2.0}",23978.497645703992
long_max,8V4_V51_V002_core_rare22_c1,LX_R2205280,rare22_c1_microbase_pop,19834,2276,17558,17558,29.121710194615307,-26.71398647218587,0.004177410447869789,44.2663709059274,-44.262193495479536,26.717047801887496,6.758721629897446,19.958326171990052,73.28601352781415,134.5158668232,-61.229853295385865,0.6883852764622065,"rare=near_ll22_002, prior=prior_ll22_0005_l18, microbase=range8_t065, pop=hh3_000, close_pos>=0.82, vol>=2.0, c1=not_hh20_chase","{""c1_mode"": ""not_hh20_chase"", ""close_pos_min2"": 0.82, ""microbase_mode"": ""range8_t065"", ""pop_mode"": ""hh3_000"", ""prior_key"": ""prior_ll22_0005_l18"", ""rare_key"": ""near_ll22_002"", ""vol_min"": 2.0}",23980.051966746956
long_max,8V4_V51_V002_core_rare22_c1,LX_R2201680,rare22_c1_microbase_pop,19839,2276,17563,17563,29.11941126064822,-26.77031778746177,0.004177410447869789,44.2663709059274,-44.262193495479536,26.773376764071454,6.758721629897446,20.014655134174006,73.22968221253822,134.5158668232,-61.28618461066179,0.6878943351132254,"rare=near_ll22_0005, prior=prior_ll22_0005_l18, microbase=range10_t075, pop=hh3_000, close_pos>=0.82, vol>=2.0, c1=not_hh20_chase","{""c1_mode"": ""not_hh20_chase"", ""close_pos_min2"": 0.82, ""microbase_mode"": ""range10_t075"", ""pop_mode"": ""hh3_000"", ""prior_key"": ""prior_ll22_0005_l18"", ""rare_key"": ""near_ll22_0005"", ""vol_min"": 2.0}",23990.68486296535
long_max,8V4_V51_V002_core_rare22_c1,LX_R2205680,rare22_c1_microbase_pop,19840,2276,17564,17564,29.1179435483871,-26.775856549527475,0.004177410447869789,44.2663709059274,-44.262193495479536,26.778915294769995,6.758721629897446,20.02019366487255,73.22414345047254,134.5158668232,-61.291723372727475,0.6878479355051121,"rare=near_ll22_002, prior=prior_ll22_0005_l18, microbase=range10_t075, pop=hh3_000, close_pos>=0.82, vol>=2.0, c1=not_hh20_chase","{""c1_mode"": ""not_hh20_chase"", ""close_pos_min2"": 0.82, ""microbase_mode"": ""range10_t075"", ""pop_mode"": ""hh3_000"", ""prior_key"": ""prior_ll22_0005_l18"", ""rare_key"": ""near_ll22_002"", ""vol_min"": 2.0}",23992.23871603521
long_max,8V4_V51_V002_core_rare22_c1,LX_R2200879,rare22_c1_microbase_pop,19890,2276,17614,17614,29.11010558069382,-26.858486979501283,0.004177410447869789,44.2663709059274,-44.262193495479536,26.861542273075774,6.758721629897446,20.102820643178326,73.1415130204987,134.5158668232,-61.37435380270131,0.6860060907609506,"rare=near_ll22_0005, prior=prior_ll22_0005_l18, microbase=range8_t050, pop=hh3_000, close_pos>=0.82, vol>=2.0, c1=close_gt_ema20_m015","{""c1_mode"": ""close_gt_ema20_m015"", ""close_pos_min2"": 0.82, ""microbase_mode"": ""range8_t050"", ""pop_mode"": ""hh3_000"", ""prior_key"": ""prior_ll22_0005_l18"", ""rare_key"": ""near_ll22_0005"", ""vol_min"": 2.0}",24050.501413865783
long_max,8V4_V51_V002_core_rare22_c1,LX_R2204879,rare22_c1_microbase_pop,19891,2276,17615,17615,29.108642099441955,-26.864019072848677,0.004177410447869789,44.2663709059274,-44.262193495479536,26.86707413533458,6.758721629897446,20.108352505437132,73.13598092715132,134.5158668232,-61.37988589604869,0.6859597546631457,"rare=near_ll22_002, prior=prior_ll22_0005_l18, microbase=range8_t050, pop=hh3_000, close_pos>=0.82, vol>=2.0, c1=close_gt_ema20_m015","{""c1_mode"": ""close_gt_ema20_m015"", ""close_pos_min2"": 0.82, ""microbase_mode"": ""range8_t050"", ""pop_mode"": ""hh3_000"", ""prior_key"": ""prior_ll22_0005_l18"", ""rare_key"": ""near_ll22_002"", ""vol_min"": 2.0}",24052.054600091666
long_max,8V4_V51_V002_core_rare22_c1,LX_R2200876,rare22_c1_microbase_pop,19900,2276,17624,17624,29.130653266331656,-26.797566485355706,0.004177410447869789,44.2663709059274,-44.262193495479536,26.800624323722978,6.758721629897446,20.041902693825534,73.20243351464431,134.5158668232,-61.3134333085557,0.687046064844898,"rare=near_ll22_0005, prior=prior_ll22_0005_l18, microbase=range8_t050, pop=hh3_000, close_pos>=0.82, vol>=2.0, c1=none","{""c1_mode"": ""none"", ""close_pos_min2"": 0.82, ""microbase_mode"": ""range8_t050"", ""pop_mode"": ""hh3_000"", ""prior_key"": ""prior_ll22_0005_l18"", ""rare_key"": ""near_ll22_0005"", ""vol_min"": 2.0}",24054.409618930506
long_max,8V4_V51_V002_core_rare22_c1,LX_R2204876,rare22_c1_microbase_pop,19901,2276,17625,17625,29.12918948796543,-26.803103186453146,0.004177410447869789,44.2663709059274,-44.262193495479536,26.806160793539348,6.758721629897446,20.047439163641904,73.19689681354686,134.5158668232,-61.31897000965316,0.6869996742034039,"rare=near_ll22_002, prior=prior_ll22_0005_l18, microbase=range8_t050, pop=hh3_000, close_pos>=0.82, vol>=2.0, c1=none","{""c1_mode"": ""none"", ""close_pos_min2"": 0.82, ""microbase_mode"": ""range8_t050"", ""pop_mode"": ""hh3_000"", ""prior_key"": ""prior_ll22_0005_l18"", ""rare_key"": ""near_ll22_002"", ""vol_min"": 2.0}",24055.96326591214
long_max,8V4_V51_V002_core_rare22_c1,LX_R2200479,rare22_c1_microbase_pop,19911,2276,17635,17635,29.099492742705035,-26.9572722852121,0.0050280268539371065,44.2663709059274,-44.26134287907347,26.960944708526014,6.758721629897446,20.20222307862857,73.0427277147879,134.5158668232,-61.47313910841211,0.6857568217621696,"rare=near_ll22_0005, prior=prior_ll22_0005_l18, microbase=range6_t045, pop=hh3_000, close_pos>=0.82, vol>=2.0, c1=close_gt_ema20_m015","{""c1_mode"": ""close_gt_ema20_m015"", ""close_pos_min2"": 0.82, ""microbase_mode"": ""range6_t045"", ""pop_mode"": ""hh3_000"", ""prior_key"": ""prior_ll22_0005_l18"", ""rare_key"": ""near_ll22_0005"", ""vol_min"": 2.0}",24081.3565957702
long_max,8V4_V51_V002_core_rare22_c1,LX_R2204479,rare22_c1_microbase_pop,19912,2276,17636,17636,29.098031337886702,-26.962796906885334,0.0050280268539371065,44.2663709059274,-44.26134287907347,26.96646905243375,6.758721629897446,20.207747422536308,73.03720309311467,134.5158668232,-61.478663730085344,0.6857106953025129,"rare=near_ll22_002, prior=prior_ll22_0005_l18, microbase=range6_t045, pop=hh3_000, close_pos>=0.82, vol>=2.0, c1=close_gt_ema20_m015","{""c1_mode"": ""close_gt_ema20_m015"", ""close_pos_min2"": 0.82, ""microbase_mode"": ""range6_t045"", ""pop_mode"": ""hh3_000"", ""prior_key"": ""prior_ll22_0005_l18"", ""rare_key"": ""near_ll22_002"", ""vol_min"": 2.0}",24082.909030160976
