batch_label,strategy_name,parent,family,group,side,timeframe,processed_symbols,trades,wins,losses,win_rate_pct,final_return_pct,max_return_pct,max_drawdown_pct,cd_value,old_ratio_cd_value,official_pass_mdd_lt_5,verdict,description
8V8_LONG_DUAL_BEST_200_UNTRIED,8V8_RAWV51_I080_raw_official_conversion_r080,8V4_V51_V002_core_rare22_c1,unrestricted_cd_leader_v51,raw_official_conversion,long,5m,597,1027,541,486,52.677702,6.048853,9.631121,3.525059,105.766559516,2.732187,True,official_mdd_pass,8V8 long dual-best improvement from 8V4_V51_V002_core_rare22_c1; group=raw_official_conversion; tag=r080; focus=convert V51 raw leader into MDD<5 official-pass candidate
8V8_LONG_DUAL_BEST_200_UNTRIED,8V8_RAWV51_I090_raw_official_conversion_r090,8V4_V51_V002_core_rare22_c1,unrestricted_cd_leader_v51,raw_official_conversion,long,5m,597,584,300,284,51.369863,5.309572,7.729333,2.505172,105.030527322,3.08535,True,official_mdd_pass,8V8 long dual-best improvement from 8V4_V51_V002_core_rare22_c1; group=raw_official_conversion; tag=r090; focus=convert V51 raw leader into MDD<5 official-pass candidate
8V8_LONG_DUAL_BEST_200_UNTRIED,8V8_SAFE6V2_I040_safe_dd_brake_s040,6V2_L01_doubleflush_core,official_mdd5_cd_leader_6v2,safe_dd_brake,long,5m,597,1110,474,636,42.702703,4.334239,6.490263,2.3197,104.020007911,2.797889,True,official_mdd_pass,8V8 long dual-best improvement from 6V2_L01_doubleflush_core; group=safe_dd_brake; tag=s040; focus=official MDD guard through loss cluster and symbol DD brakes
8V8_LONG_DUAL_BEST_200_UNTRIED,8V8_RAWV51_I100_raw_official_conversion_r100,8V4_V51_V002_core_rare22_c1,unrestricted_cd_leader_v51,raw_official_conversion,long,5m,597,675,336,339,49.777778,4.169338,6.534098,2.707765,103.649404541,2.413096,True,official_mdd_pass,8V8 long dual-best improvement from 8V4_V51_V002_core_rare22_c1; group=raw_official_conversion; tag=r100; focus=convert V51 raw leader into MDD<5 official-pass candidate
8V8_LONG_DUAL_BEST_200_UNTRIED,8V8_RAWV51_I004_raw_cluster_cover_r004,8V4_V51_V002_core_rare22_c1,unrestricted_cd_leader_v51,raw_cluster_cover,long,5m,597,1324,628,696,47.432024,3.761451,7.170216,3.313827,103.618780015,2.163726,True,official_mdd_pass,8V8 long dual-best improvement from 8V4_V51_V002_core_rare22_c1; group=raw_cluster_cover; tag=r004; focus=cover V51 loss clusters while preserving rare22 engine
8V8_LONG_DUAL_BEST_200_UNTRIED,8V8_SAFE6V2_I050_safe_dd_brake_s050,6V2_L01_doubleflush_core,official_mdd5_cd_leader_6v2,safe_dd_brake,long,5m,597,1181,520,661,44.030483,3.891603,6.535932,2.868129,103.480343384,2.278813,True,official_mdd_pass,8V8 long dual-best improvement from 6V2_L01_doubleflush_core; group=safe_dd_brake; tag=s050; focus=official MDD guard through loss cluster and symbol DD brakes
8V8_LONG_DUAL_BEST_200_UNTRIED,8V8_SAFE6V2_I015_safe_density_release_s015,6V2_L01_doubleflush_core,official_mdd5_cd_leader_6v2,safe_density_release,long,5m,597,1097,483,614,44.02917,3.686909,5.942203,2.47694,103.318077939,2.399009,True,official_mdd_pass,8V8 long dual-best improvement from 6V2_L01_doubleflush_core; group=safe_density_release; tag=s015; focus=safe baseline density release without blind parameter tuning
8V8_LONG_DUAL_BEST_200_UNTRIED,8V8_RAWV51_I014_raw_cluster_cover_r014,8V4_V51_V002_core_rare22_c1,unrestricted_cd_leader_v51,raw_cluster_cover,long,5m,597,342,203,139,59.356725,3.912856,4.177093,0.830862,103.311524819,5.027418,True,official_mdd_pass,8V8 long dual-best improvement from 8V4_V51_V002_core_rare22_c1; group=raw_cluster_cover; tag=r014; focus=cover V51 loss clusters while preserving rare22 engine
8V8_LONG_DUAL_BEST_200_UNTRIED,8V8_SAFE6V2_I005_safe_density_release_s005,6V2_L01_doubleflush_core,official_mdd5_cd_leader_6v2,safe_density_release,long,5m,597,1502,656,846,43.6751,3.643062,6.845411,3.435215,103.175041375,1.992717,True,official_mdd_pass,8V8 long dual-best improvement from 6V2_L01_doubleflush_core; group=safe_density_release; tag=s005; focus=safe baseline density release without blind parameter tuning
8V8_LONG_DUAL_BEST_200_UNTRIED,8V8_SAFE6V2_I055_safe_reclaim_quality_s055,6V2_L01_doubleflush_core,official_mdd5_cd_leader_6v2,safe_reclaim_quality,long,5m,597,1502,656,846,43.6751,3.643062,6.845411,3.435215,103.175041375,1.992717,True,official_mdd_pass,8V8 long dual-best improvement from 6V2_L01_doubleflush_core; group=safe_reclaim_quality; tag=s055; focus=reclaim quality / spring / EMA repair mix
8V8_LONG_DUAL_BEST_200_UNTRIED,8V8_SAFE6V2_I025_safe_density_release_s025,6V2_L01_doubleflush_core,official_mdd5_cd_leader_6v2,safe_density_release,long,5m,597,551,230,321,41.742287,3.286232,4.338167,1.132439,103.156601477,3.830818,True,official_mdd_pass,8V8 long dual-best improvement from 6V2_L01_doubleflush_core; group=safe_density_release; tag=s025; focus=safe baseline density release without blind parameter tuning
8V8_LONG_DUAL_BEST_200_UNTRIED,8V8_RAWV51_I089_raw_official_conversion_r089,8V4_V51_V002_core_rare22_c1,unrestricted_cd_leader_v51,raw_official_conversion,long,5m,597,308,169,139,54.87013,3.402886,3.66887,0.685547,102.95817098,5.351742,True,official_mdd_pass,8V8 long dual-best improvement from 8V4_V51_V002_core_rare22_c1; group=raw_official_conversion; tag=r089; focus=convert V51 raw leader into MDD<5 official-pass candidate
8V8_LONG_DUAL_BEST_200_UNTRIED,8V8_RAWV51_I041_raw_safe_graft_r041,8V4_V51_V002_core_rare22_c1,unrestricted_cd_leader_v51,raw_safe_graft,long,5m,597,1468,592,876,40.326975,3.173247,6.16241,3.048417,102.926136728,2.021511,True,official_mdd_pass,8V8 long dual-best improvement from 8V4_V51_V002_core_rare22_c1; group=raw_safe_graft; tag=r041; focus=graft strict/lowanchor safe branch only onto risky V51 contexts
8V8_LONG_DUAL_BEST_200_UNTRIED,8V8_SAFE6V2_I075_safe_reclaim_quality_s075,6V2_L01_doubleflush_core,official_mdd5_cd_leader_6v2,safe_reclaim_quality,long,5m,597,551,249,302,45.190563,2.97192,4.027799,1.137514,102.844468104,3.540879,True,official_mdd_pass,8V8 long dual-best improvement from 6V2_L01_doubleflush_core; group=safe_reclaim_quality; tag=s075; focus=reclaim quality / spring / EMA repair mix
8V8_LONG_DUAL_BEST_200_UNTRIED,8V8_SAFE6V2_I030_safe_dd_brake_s030,6V2_L01_doubleflush_core,official_mdd5_cd_leader_6v2,safe_dd_brake,long,5m,597,1629,710,919,43.585021,3.175623,6.714567,3.808791,102.650031638,1.762913,True,official_mdd_pass,8V8 long dual-best improvement from 6V2_L01_doubleflush_core; group=safe_dd_brake; tag=s030; focus=official MDD guard through loss cluster and symbol DD brakes
8V8_LONG_DUAL_BEST_200_UNTRIED,8V8_RAWV51_I027_raw_safe_graft_r027,8V4_V51_V002_core_rare22_c1,unrestricted_cd_leader_v51,raw_safe_graft,long,5m,597,2282,1066,1216,46.713409,3.356312,6.784732,3.888469,102.632440614,1.744834,True,official_mdd_pass,8V8 long dual-best improvement from 8V4_V51_V002_core_rare22_c1; group=raw_safe_graft; tag=r027; focus=graft strict/lowanchor safe branch only onto risky V51 contexts
8V8_LONG_DUAL_BEST_200_UNTRIED,8V8_SAFE6V2_I054_safe_reclaim_quality_s054,6V2_L01_doubleflush_core,official_mdd5_cd_leader_6v2,safe_reclaim_quality,long,5m,597,1646,731,915,44.410693,3.031958,6.335733,3.685318,102.41692318,1.719182,True,official_mdd_pass,8V8 long dual-best improvement from 6V2_L01_doubleflush_core; group=safe_reclaim_quality; tag=s054; focus=reclaim quality / spring / EMA repair mix
8V8_LONG_DUAL_BEST_200_UNTRIED,8V8_RAWV51_I012_raw_cluster_cover_r012,8V4_V51_V002_core_rare22_c1,unrestricted_cd_leader_v51,raw_cluster_cover,long,5m,597,2178,1000,1178,45.913682,3.222605,6.25883,3.631507,102.40003275,1.72348,True,official_mdd_pass,8V8 long dual-best improvement from 8V4_V51_V002_core_rare22_c1; group=raw_cluster_cover; tag=r012; focus=cover V51 loss clusters while preserving rare22 engine
8V8_LONG_DUAL_BEST_200_UNTRIED,8V8_SAFE6V2_I014_safe_density_release_s014,6V2_L01_doubleflush_core,official_mdd5_cd_leader_6v2,safe_density_release,long,5m,597,1518,660,858,43.478261,2.809197,5.548162,2.998174,102.38364468,1.850514,True,official_mdd_pass,8V8 long dual-best improvement from 6V2_L01_doubleflush_core; group=safe_density_release; tag=s014; focus=safe baseline density release without blind parameter tuning
8V8_LONG_DUAL_BEST_200_UNTRIED,8V8_RAWV51_I039_raw_safe_graft_r039,8V4_V51_V002_core_rare22_c1,unrestricted_cd_leader_v51,raw_safe_graft,long,5m,597,238,138,100,57.983193,2.542315,3.084824,0.707035,102.355978038,4.363041,True,official_mdd_pass,8V8 long dual-best improvement from 8V4_V51_V002_core_rare22_c1; group=raw_safe_graft; tag=r039; focus=graft strict/lowanchor safe branch only onto risky V51 contexts
8V8_LONG_DUAL_BEST_200_UNTRIED,8V8_SAFE6V2_I024_safe_density_release_s024,6V2_L01_doubleflush_core,official_mdd5_cd_leader_6v2,safe_density_release,long,5m,597,900,395,505,43.888889,2.681793,3.87193,1.538664,102.273690124,2.516424,True,official_mdd_pass,8V8 long dual-best improvement from 6V2_L01_doubleflush_core; group=safe_density_release; tag=s024; focus=safe baseline density release without blind parameter tuning
8V8_LONG_DUAL_BEST_200_UNTRIED,8V8_SAFE6V2_I045_safe_dd_brake_s045,6V2_L01_doubleflush_core,official_mdd5_cd_leader_6v2,safe_dd_brake,long,5m,597,519,211,308,40.655106,2.501681,3.383602,1.083425,102.263518466,3.123061,True,official_mdd_pass,8V8 long dual-best improvement from 6V2_L01_doubleflush_core; group=safe_dd_brake; tag=s045; focus=official MDD guard through loss cluster and symbol DD brakes
8V8_LONG_DUAL_BEST_200_UNTRIED,8V8_SAFE6V2_I070_safe_reclaim_quality_s070,6V2_L01_doubleflush_core,official_mdd5_cd_leader_6v2,safe_reclaim_quality,long,5m,597,516,235,281,45.542636,2.522867,3.264383,1.016385,102.214819692,3.211759,True,official_mdd_pass,8V8 long dual-best improvement from 6V2_L01_doubleflush_core; group=safe_reclaim_quality; tag=s070; focus=reclaim quality / spring / EMA repair mix
8V8_LONG_DUAL_BEST_200_UNTRIED,8V8_SAFE6V2_I035_safe_dd_brake_s035,6V2_L01_doubleflush_core,official_mdd5_cd_leader_6v2,safe_dd_brake,long,5m,597,853,339,514,39.742087,2.537707,3.918388,1.660928,102.192378167,2.359156,True,official_mdd_pass,8V8 long dual-best improvement from 6V2_L01_doubleflush_core; group=safe_dd_brake; tag=s035; focus=official MDD guard through loss cluster and symbol DD brakes
8V8_LONG_DUAL_BEST_200_UNTRIED,8V8_RAWV51_I042_raw_safe_graft_r042,8V4_V51_V002_core_rare22_c1,unrestricted_cd_leader_v51,raw_safe_graft,long,5m,597,508,228,280,44.88189,2.273619,3.435629,1.228566,102.164854132,2.796455,True,official_mdd_pass,8V8 long dual-best improvement from 8V4_V51_V002_core_rare22_c1; group=raw_safe_graft; tag=r042; focus=graft strict/lowanchor safe branch only onto risky V51 contexts
8V8_LONG_DUAL_BEST_200_UNTRIED,8V8_SAFE6V2_I013_safe_density_release_s013,6V2_L01_doubleflush_core,official_mdd5_cd_leader_6v2,safe_density_release,long,5m,597,1714,745,969,43.465578,2.792472,5.607621,3.271087,102.153103528,1.714299,True,official_mdd_pass,8V8 long dual-best improvement from 6V2_L01_doubleflush_core; group=safe_density_release; tag=s013; focus=safe baseline density release without blind parameter tuning
8V8_LONG_DUAL_BEST_200_UNTRIED,8V8_SAFE6V2_I021_safe_density_release_s021,6V2_L01_doubleflush_core,official_mdd5_cd_leader_6v2,safe_density_release,long,5m,597,1736,854,882,49.193548,2.852899,3.600311,1.401889,102.147949789,2.568186,True,official_mdd_pass,8V8 long dual-best improvement from 6V2_L01_doubleflush_core; group=safe_density_release; tag=s021; focus=safe baseline density release without blind parameter tuning
8V8_LONG_DUAL_BEST_200_UNTRIED,8V8_RAWV51_I040_raw_safe_graft_r040,8V4_V51_V002_core_rare22_c1,unrestricted_cd_leader_v51,raw_safe_graft,long,5m,597,167,92,75,55.08982,2.232021,2.911739,0.783226,102.105707372,3.717624,True,official_mdd_pass,8V8 long dual-best improvement from 8V4_V51_V002_core_rare22_c1; group=raw_safe_graft; tag=r040; focus=graft strict/lowanchor safe branch only onto risky V51 contexts
8V8_LONG_DUAL_BEST_200_UNTRIED,8V8_RAWV51_I043_raw_safe_graft_r043,8V4_V51_V002_core_rare22_c1,unrestricted_cd_leader_v51,raw_safe_graft,long,5m,597,485,219,266,45.154639,2.084864,3.99647,1.838145,102.084864142,2.174186,True,official_mdd_pass,8V8 long dual-best improvement from 8V4_V51_V002_core_rare22_c1; group=raw_safe_graft; tag=r043; focus=graft strict/lowanchor safe branch only onto risky V51 contexts
8V8_LONG_DUAL_BEST_200_UNTRIED,8V8_RAWV51_I079_raw_official_conversion_r079,8V4_V51_V002_core_rare22_c1,unrestricted_cd_leader_v51,raw_official_conversion,long,5m,597,1093,524,569,47.941446,2.333884,4.670228,2.529974,102.022098358,1.845959,True,official_mdd_pass,8V8 long dual-best improvement from 8V4_V51_V002_core_rare22_c1; group=raw_official_conversion; tag=r079; focus=convert V51 raw leader into MDD<5 official-pass candidate
8V8_LONG_DUAL_BEST_200_UNTRIED,8V8_SAFE6V2_I068_safe_reclaim_quality_s068,6V2_L01_doubleflush_core,official_mdd5_cd_leader_6v2,safe_reclaim_quality,long,5m,597,1179,428,751,36.301951,2.419239,5.800374,3.598987,101.992632776,1.611669,True,official_mdd_pass,8V8 long dual-best improvement from 6V2_L01_doubleflush_core; group=safe_reclaim_quality; tag=s068; focus=reclaim quality / spring / EMA repair mix
8V8_LONG_DUAL_BEST_200_UNTRIED,8V8_RAWV51_I065_raw_return_extend_r065,8V4_V51_V002_core_rare22_c1,unrestricted_cd_leader_v51,raw_return_extend,long,5m,597,59,39,20,66.101695,2.185633,2.185633,0.192298,101.989132131,11.365846,True,official_mdd_pass,8V8 long dual-best improvement from 8V4_V51_V002_core_rare22_c1; group=raw_return_extend; tag=r065; focus=preserve raw max_return by extending winners and blocking only adverse shock
8V8_LONG_DUAL_BEST_200_UNTRIED,8V8_RAWV51_I062_raw_return_extend_r062,8V4_V51_V002_core_rare22_c1,unrestricted_cd_leader_v51,raw_return_extend,long,5m,597,240,123,117,51.25,2.016271,2.362856,0.414827,101.938226849,5.696,True,official_mdd_pass,8V8 long dual-best improvement from 8V4_V51_V002_core_rare22_c1; group=raw_return_extend; tag=r062; focus=preserve raw max_return by extending winners and blocking only adverse shock
8V8_LONG_DUAL_BEST_200_UNTRIED,8V8_SAFE6V2_I023_safe_density_release_s023,6V2_L01_doubleflush_core,official_mdd5_cd_leader_6v2,safe_density_release,long,5m,597,1039,450,589,43.310876,2.365943,3.706089,1.705647,101.937228998,2.172834,True,official_mdd_pass,8V8 long dual-best improvement from 6V2_L01_doubleflush_core; group=safe_density_release; tag=s023; focus=safe baseline density release without blind parameter tuning
8V8_LONG_DUAL_BEST_200_UNTRIED,8V8_SAFE6V2_I071_safe_reclaim_quality_s071,6V2_L01_doubleflush_core,official_mdd5_cd_leader_6v2,safe_reclaim_quality,long,5m,597,1963,957,1006,48.75191,2.675825,3.54265,1.596625,101.889462217,2.218836,True,official_mdd_pass,8V8 long dual-best improvement from 6V2_L01_doubleflush_core; group=safe_reclaim_quality; tag=s071; focus=reclaim quality / spring / EMA repair mix
8V8_LONG_DUAL_BEST_200_UNTRIED,8V8_RAWV51_I061_raw_return_extend_r061,8V4_V51_V002_core_rare22_c1,unrestricted_cd_leader_v51,raw_return_extend,long,5m,597,295,141,154,47.79661,1.908475,2.218997,0.373386,101.837325595,5.942909,True,official_mdd_pass,8V8 long dual-best improvement from 8V4_V51_V002_core_rare22_c1; group=raw_return_extend; tag=r061; focus=preserve raw max_return by extending winners and blocking only adverse shock
8V8_LONG_DUAL_BEST_200_UNTRIED,8V8_RAWV51_I017_raw_cluster_cover_r017,8V4_V51_V002_core_rare22_c1,unrestricted_cd_leader_v51,raw_cluster_cover,long,5m,597,609,249,360,40.8867,1.743628,3.696205,1.882979,101.74362756,1.962956,True,official_mdd_pass,8V8 long dual-best improvement from 8V4_V51_V002_core_rare22_c1; group=raw_cluster_cover; tag=r017; focus=cover V51 loss clusters while preserving rare22 engine
8V8_LONG_DUAL_BEST_200_UNTRIED,8V8_RAWV51_I038_raw_safe_graft_r038,8V4_V51_V002_core_rare22_c1,unrestricted_cd_leader_v51,raw_safe_graft,long,5m,597,257,136,121,52.918288,1.799595,2.578174,0.822634,101.734330697,3.134047,True,official_mdd_pass,8V8 long dual-best improvement from 8V4_V51_V002_core_rare22_c1; group=raw_safe_graft; tag=r038; focus=graft strict/lowanchor safe branch only onto risky V51 contexts
8V8_LONG_DUAL_BEST_200_UNTRIED,8V8_RAWV51_I006_raw_cluster_cover_r006,8V4_V51_V002_core_rare22_c1,unrestricted_cd_leader_v51,raw_cluster_cover,long,5m,597,1523,567,956,37.229153,1.729425,4.299455,2.492971,101.699299316,1.724631,True,official_mdd_pass,8V8 long dual-best improvement from 8V4_V51_V002_core_rare22_c1; group=raw_cluster_cover; tag=r006; focus=cover V51 loss clusters while preserving rare22 engine
8V8_LONG_DUAL_BEST_200_UNTRIED,8V8_SAFE6V2_I074_safe_reclaim_quality_s074,6V2_L01_doubleflush_core,official_mdd5_cd_leader_6v2,safe_reclaim_quality,long,5m,597,702,306,396,43.589744,1.884671,2.829854,1.143416,101.654080436,2.474911,True,official_mdd_pass,8V8 long dual-best improvement from 6V2_L01_doubleflush_core; group=safe_reclaim_quality; tag=s074; focus=reclaim quality / spring / EMA repair mix
8V8_LONG_DUAL_BEST_200_UNTRIED,8V8_SAFE6V2_I046_safe_dd_brake_s046,6V2_L01_doubleflush_core,official_mdd5_cd_leader_6v2,safe_dd_brake,long,5m,597,1920,934,986,48.645833,2.436697,3.366781,1.690631,101.619229751,1.991434,True,official_mdd_pass,8V8 long dual-best improvement from 6V2_L01_doubleflush_core; group=safe_dd_brake; tag=s046; focus=official MDD guard through loss cluster and symbol DD brakes
8V8_LONG_DUAL_BEST_200_UNTRIED,8V8_SAFE6V2_I069_safe_reclaim_quality_s069,6V2_L01_doubleflush_core,official_mdd5_cd_leader_6v2,safe_reclaim_quality,long,5m,597,675,280,395,41.481481,1.76151,3.49624,1.851691,101.579810004,1.888134,True,official_mdd_pass,8V8 long dual-best improvement from 6V2_L01_doubleflush_core; group=safe_reclaim_quality; tag=s069; focus=reclaim quality / spring / EMA repair mix
8V8_LONG_DUAL_BEST_200_UNTRIED,8V8_SAFE6V2_I073_safe_reclaim_quality_s073,6V2_L01_doubleflush_core,official_mdd5_cd_leader_6v2,safe_reclaim_quality,long,5m,597,1116,468,648,41.935484,1.903849,3.631341,1.997124,101.561694007,1.818285,True,official_mdd_pass,8V8 long dual-best improvement from 6V2_L01_doubleflush_core; group=safe_reclaim_quality; tag=s073; focus=reclaim quality / spring / EMA repair mix
8V8_LONG_DUAL_BEST_200_UNTRIED,8V8_RAWV51_I085_raw_official_conversion_r085,8V4_V51_V002_core_rare22_c1,unrestricted_cd_leader_v51,raw_official_conversion,long,5m,597,416,195,221,46.875,1.67877,3.15926,1.551044,101.559214036,2.03686,True,official_mdd_pass,8V8 long dual-best improvement from 8V4_V51_V002_core_rare22_c1; group=raw_official_conversion; tag=r085; focus=convert V51 raw leader into MDD<5 official-pass candidate
8V8_LONG_DUAL_BEST_200_UNTRIED,8V8_RAWV51_I007_raw_cluster_cover_r007,8V4_V51_V002_core_rare22_c1,unrestricted_cd_leader_v51,raw_cluster_cover,long,5m,597,1564,570,994,36.445013,1.545718,6.755205,4.883134,101.542206166,1.383375,True,official_mdd_pass,8V8 long dual-best improvement from 8V4_V51_V002_core_rare22_c1; group=raw_cluster_cover; tag=r007; focus=cover V51 loss clusters while preserving rare22 engine
8V8_LONG_DUAL_BEST_200_UNTRIED,8V8_SAFE6V2_I032_safe_dd_brake_s032,6V2_L01_doubleflush_core,official_mdd5_cd_leader_6v2,safe_dd_brake,long,5m,597,522,233,289,44.636015,2.143746,2.333514,0.77642,101.53897543,3.005477,True,official_mdd_pass,8V8 long dual-best improvement from 6V2_L01_doubleflush_core; group=safe_dd_brake; tag=s032; focus=official MDD guard through loss cluster and symbol DD brakes
8V8_LONG_DUAL_BEST_200_UNTRIED,8V8_SAFE6V2_I065_safe_reclaim_quality_s065,6V2_L01_doubleflush_core,official_mdd5_cd_leader_6v2,safe_reclaim_quality,long,5m,597,230,117,113,50.869565,1.884179,1.980735,0.440348,101.53166487,4.498114,True,official_mdd_pass,8V8 long dual-best improvement from 6V2_L01_doubleflush_core; group=safe_reclaim_quality; tag=s065; focus=reclaim quality / spring / EMA repair mix
8V8_LONG_DUAL_BEST_200_UNTRIED,8V8_SAFE6V2_I007_safe_density_release_s007,6V2_L01_doubleflush_core,official_mdd5_cd_leader_6v2,safe_density_release,long,5m,597,515,230,285,44.660194,2.140509,2.324117,0.77642,101.529651663,2.993374,True,official_mdd_pass,8V8 long dual-best improvement from 6V2_L01_doubleflush_core; group=safe_density_release; tag=s007; focus=safe baseline density release without blind parameter tuning
8V8_LONG_DUAL_BEST_200_UNTRIED,8V8_SAFE6V2_I008_safe_density_release_s008,6V2_L01_doubleflush_core,official_mdd5_cd_leader_6v2,safe_density_release,long,5m,597,449,201,248,44.766147,2.01423,2.249031,0.724282,101.508459198,3.105186,True,official_mdd_pass,8V8 long dual-best improvement from 6V2_L01_doubleflush_core; group=safe_density_release; tag=s008; focus=safe baseline density release without blind parameter tuning
8V8_LONG_DUAL_BEST_200_UNTRIED,8V8_RAWV51_I076_raw_official_conversion_r076,8V4_V51_V002_core_rare22_c1,unrestricted_cd_leader_v51,raw_official_conversion,long,5m,597,2550,1228,1322,48.156863,2.850301,5.744546,4.066527,101.444414536,1.412642,True,official_mdd_pass,8V8 long dual-best improvement from 8V4_V51_V002_core_rare22_c1; group=raw_official_conversion; tag=r076; focus=convert V51 raw leader into MDD<5 official-pass candidate
8V8_LONG_DUAL_BEST_200_UNTRIED,8V8_SAFE6V2_I010_safe_density_release_s010,6V2_L01_doubleflush_core,official_mdd5_cd_leader_6v2,safe_density_release,long,5m,597,251,109,142,43.426295,1.909485,1.950354,0.50467,101.435841844,3.864616,True,official_mdd_pass,8V8 long dual-best improvement from 6V2_L01_doubleflush_core; group=safe_density_release; tag=s010; focus=safe baseline density release without blind parameter tuning
8V8_LONG_DUAL_BEST_200_UNTRIED,8V8_SAFE6V2_I066_safe_reclaim_quality_s066,6V2_L01_doubleflush_core,official_mdd5_cd_leader_6v2,safe_reclaim_quality,long,5m,597,2126,780,1346,36.688617,2.730845,5.287018,3.668842,101.424203144,1.441059,True,official_mdd_pass,8V8 long dual-best improvement from 6V2_L01_doubleflush_core; group=safe_reclaim_quality; tag=s066; focus=reclaim quality / spring / EMA repair mix
8V8_LONG_DUAL_BEST_200_UNTRIED,8V8_RAWV51_I068_raw_return_extend_r068,8V4_V51_V002_core_rare22_c1,unrestricted_cd_leader_v51,raw_return_extend,long,5m,597,489,205,284,41.92229,1.389442,3.803578,2.325678,101.389441867,1.635471,True,official_mdd_pass,8V8 long dual-best improvement from 8V4_V51_V002_core_rare22_c1; group=raw_return_extend; tag=r068; focus=preserve raw max_return by extending winners and blocking only adverse shock
8V8_LONG_DUAL_BEST_200_UNTRIED,8V8_RAWV51_I064_raw_return_extend_r064,8V4_V51_V002_core_rare22_c1,unrestricted_cd_leader_v51,raw_return_extend,long,5m,597,73,41,32,56.164384,1.583901,1.583901,0.201697,101.379009176,7.852877,True,official_mdd_pass,8V8 long dual-best improvement from 8V4_V51_V002_core_rare22_c1; group=raw_return_extend; tag=r064; focus=preserve raw max_return by extending winners and blocking only adverse shock
8V8_LONG_DUAL_BEST_200_UNTRIED,8V8_SAFE6V2_I004_safe_density_release_s004,6V2_L01_doubleflush_core,official_mdd5_cd_leader_6v2,safe_density_release,long,5m,597,2284,969,1315,42.425569,2.01931,6.161452,4.526537,101.356014184,1.361184,True,official_mdd_pass,8V8 long dual-best improvement from 6V2_L01_doubleflush_core; group=safe_density_release; tag=s004; focus=safe baseline density release without blind parameter tuning
8V8_LONG_DUAL_BEST_200_UNTRIED,8V8_SAFE6V2_I011_safe_density_release_s011,6V2_L01_doubleflush_core,official_mdd5_cd_leader_6v2,safe_density_release,long,5m,597,2614,954,1660,36.495792,2.778568,5.715438,4.123853,101.355888797,1.385946,True,official_mdd_pass,8V8 long dual-best improvement from 6V2_L01_doubleflush_core; group=safe_density_release; tag=s011; focus=safe baseline density release without blind parameter tuning
8V8_LONG_DUAL_BEST_200_UNTRIED,8V8_SAFE6V2_I031_safe_dd_brake_s031,6V2_L01_doubleflush_core,official_mdd5_cd_leader_6v2,safe_dd_brake,long,5m,597,2032,842,1190,41.437008,2.001802,3.448845,2.080856,101.296223709,1.657417,True,official_mdd_pass,8V8 long dual-best improvement from 6V2_L01_doubleflush_core; group=safe_dd_brake; tag=s031; focus=official MDD guard through loss cluster and symbol DD brakes
8V8_LONG_DUAL_BEST_200_UNTRIED,8V8_RAWV51_I033_raw_safe_graft_r033,8V4_V51_V002_core_rare22_c1,unrestricted_cd_leader_v51,raw_safe_graft,long,5m,597,272,120,152,44.117647,1.69694,1.867713,0.590056,101.266636396,3.165313,True,official_mdd_pass,8V8 long dual-best improvement from 8V4_V51_V002_core_rare22_c1; group=raw_safe_graft; tag=r033; focus=graft strict/lowanchor safe branch only onto risky V51 contexts
8V8_LONG_DUAL_BEST_200_UNTRIED,8V8_SAFE6V2_I036_safe_dd_brake_s036,6V2_L01_doubleflush_core,official_mdd5_cd_leader_6v2,safe_dd_brake,long,5m,597,1861,887,974,47.662547,1.976264,2.834343,1.528111,101.262920636,1.854802,True,official_mdd_pass,8V8 long dual-best improvement from 6V2_L01_doubleflush_core; group=safe_dd_brake; tag=s036; focus=official MDD guard through loss cluster and symbol DD brakes
8V8_LONG_DUAL_BEST_200_UNTRIED,8V8_SAFE6V2_I063_safe_reclaim_quality_s063,6V2_L01_doubleflush_core,official_mdd5_cd_leader_6v2,safe_reclaim_quality,long,5m,597,276,138,138,50.0,1.33571,1.646944,0.395622,101.244806177,4.162925,True,official_mdd_pass,8V8 long dual-best improvement from 6V2_L01_doubleflush_core; group=safe_reclaim_quality; tag=s063; focus=reclaim quality / spring / EMA repair mix
8V8_LONG_DUAL_BEST_200_UNTRIED,8V8_RAWV51_I081_raw_official_conversion_r081,8V4_V51_V002_core_rare22_c1,unrestricted_cd_leader_v51,raw_official_conversion,long,5m,597,1065,450,615,42.253521,1.471164,2.796076,1.537195,101.215900231,1.818947,True,official_mdd_pass,8V8 long dual-best improvement from 8V4_V51_V002_core_rare22_c1; group=raw_official_conversion; tag=r081; focus=convert V51 raw leader into MDD<5 official-pass candidate
8V8_LONG_DUAL_BEST_200_UNTRIED,8V8_SAFE6V2_I064_safe_reclaim_quality_s064,6V2_L01_doubleflush_core,official_mdd5_cd_leader_6v2,safe_reclaim_quality,long,5m,597,244,120,124,49.180328,1.291308,1.71378,0.549898,101.154457654,3.11654,True,official_mdd_pass,8V8 long dual-best improvement from 6V2_L01_doubleflush_core; group=safe_reclaim_quality; tag=s064; focus=reclaim quality / spring / EMA repair mix
8V8_LONG_DUAL_BEST_200_UNTRIED,8V8_RAWV51_I095_raw_official_conversion_r095,8V4_V51_V002_core_rare22_c1,unrestricted_cd_leader_v51,raw_official_conversion,long,5m,597,169,90,79,53.254438,1.269955,1.91749,0.754275,101.148751959,2.542164,True,official_mdd_pass,8V8 long dual-best improvement from 8V4_V51_V002_core_rare22_c1; group=raw_official_conversion; tag=r095; focus=convert V51 raw leader into MDD<5 official-pass candidate
8V8_LONG_DUAL_BEST_200_UNTRIED,8V8_SAFE6V2_I041_safe_dd_brake_s041,6V2_L01_doubleflush_core,official_mdd5_cd_leader_6v2,safe_dd_brake,long,5m,597,1203,527,676,43.807149,1.582373,2.663136,1.478305,101.145461753,1.80148,True,official_mdd_pass,8V8 long dual-best improvement from 6V2_L01_doubleflush_core; group=safe_dd_brake; tag=s041; focus=official MDD guard through loss cluster and symbol DD brakes
8V8_LONG_DUAL_BEST_200_UNTRIED,8V8_RAWV51_I022_raw_cluster_cover_r022,8V4_V51_V002_core_rare22_c1,unrestricted_cd_leader_v51,raw_cluster_cover,long,5m,597,2163,976,1187,45.122515,2.042081,6.036683,4.620232,101.137542686,1.306576,True,official_mdd_pass,8V8 long dual-best improvement from 8V4_V51_V002_core_rare22_c1; group=raw_cluster_cover; tag=r022; focus=cover V51 loss clusters while preserving rare22 engine
8V8_LONG_DUAL_BEST_200_UNTRIED,8V8_SAFE6V2_I042_safe_dd_brake_s042,6V2_L01_doubleflush_core,official_mdd5_cd_leader_6v2,safe_dd_brake,long,5m,597,170,79,91,46.470588,1.32432,1.410789,0.311669,101.094722587,4.526555,True,official_mdd_pass,8V8 long dual-best improvement from 6V2_L01_doubleflush_core; group=safe_dd_brake; tag=s042; focus=official MDD guard through loss cluster and symbol DD brakes
8V8_LONG_DUAL_BEST_200_UNTRIED,8V8_SAFE6V2_I012_safe_density_release_s012,6V2_L01_doubleflush_core,official_mdd5_cd_leader_6v2,safe_density_release,long,5m,597,2414,860,1554,35.625518,2.12283,5.815736,4.462941,101.093242553,1.303117,True,official_mdd_pass,8V8 long dual-best improvement from 6V2_L01_doubleflush_core; group=safe_density_release; tag=s012; focus=safe baseline density release without blind parameter tuning
8V8_LONG_DUAL_BEST_200_UNTRIED,8V8_SAFE6V2_I047_safe_dd_brake_s047,6V2_L01_doubleflush_core,official_mdd5_cd_leader_6v2,safe_dd_brake,long,5m,597,496,248,248,50.0,1.348537,1.772927,0.725964,101.034092504,2.44217,True,official_mdd_pass,8V8 long dual-best improvement from 6V2_L01_doubleflush_core; group=safe_dd_brake; tag=s047; focus=official MDD guard through loss cluster and symbol DD brakes
8V8_LONG_DUAL_BEST_200_UNTRIED,8V8_RAWV51_I008_raw_cluster_cover_r008,8V4_V51_V002_core_rare22_c1,unrestricted_cd_leader_v51,raw_cluster_cover,long,5m,597,286,123,163,43.006993,1.189141,1.613239,0.590056,101.013663836,2.734043,True,official_mdd_pass,8V8 long dual-best improvement from 8V4_V51_V002_core_rare22_c1; group=raw_cluster_cover; tag=r008; focus=cover V51 loss clusters while preserving rare22 engine
8V8_LONG_DUAL_BEST_200_UNTRIED,8V8_SAFE6V2_I048_safe_dd_brake_s048,6V2_L01_doubleflush_core,official_mdd5_cd_leader_6v2,safe_dd_brake,long,5m,597,414,191,223,46.135266,1.35205,1.486267,0.47034,101.008936417,3.159985,True,official_mdd_pass,8V8 long dual-best improvement from 6V2_L01_doubleflush_core; group=safe_dd_brake; tag=s048; focus=official MDD guard through loss cluster and symbol DD brakes
8V8_LONG_DUAL_BEST_200_UNTRIED,8V8_SAFE6V2_I037_safe_dd_brake_s037,6V2_L01_doubleflush_core,official_mdd5_cd_leader_6v2,safe_dd_brake,long,5m,597,548,266,282,48.540146,1.145383,1.715956,0.735194,100.968146194,2.334017,True,official_mdd_pass,8V8 long dual-best improvement from 6V2_L01_doubleflush_core; group=safe_dd_brake; tag=s037; focus=official MDD guard through loss cluster and symbol DD brakes
8V8_LONG_DUAL_BEST_200_UNTRIED,8V8_SAFE6V2_I006_safe_density_release_s006,6V2_L01_doubleflush_core,official_mdd5_cd_leader_6v2,safe_density_release,long,5m,597,830,352,478,42.409639,1.120676,1.888403,0.9343,100.936459087,2.021195,True,official_mdd_pass,8V8 long dual-best improvement from 6V2_L01_doubleflush_core; group=safe_density_release; tag=s006; focus=safe baseline density release without blind parameter tuning
8V8_LONG_DUAL_BEST_200_UNTRIED,8V8_RAWV51_I058_raw_return_extend_r058,8V4_V51_V002_core_rare22_c1,unrestricted_cd_leader_v51,raw_return_extend,long,5m,597,612,271,341,44.281046,0.941708,2.984715,2.012651,100.911991899,1.482977,True,official_mdd_pass,8V8 long dual-best improvement from 8V4_V51_V002_core_rare22_c1; group=raw_return_extend; tag=r058; focus=preserve raw max_return by extending winners and blocking only adverse shock
8V8_LONG_DUAL_BEST_200_UNTRIED,8V8_SAFE6V2_I009_safe_density_release_s009,6V2_L01_doubleflush_core,official_mdd5_cd_leader_6v2,safe_density_release,long,5m,597,256,113,143,44.140625,1.414992,1.433997,0.523468,100.903021771,2.739414,True,official_mdd_pass,8V8 long dual-best improvement from 6V2_L01_doubleflush_core; group=safe_density_release; tag=s009; focus=safe baseline density release without blind parameter tuning
8V8_LONG_DUAL_BEST_200_UNTRIED,8V8_RAWV51_I067_raw_return_extend_r067,8V4_V51_V002_core_rare22_c1,unrestricted_cd_leader_v51,raw_return_extend,long,5m,597,608,225,383,37.006579,0.886918,3.380513,2.412055,100.88691818,1.401507,True,official_mdd_pass,8V8 long dual-best improvement from 8V4_V51_V002_core_rare22_c1; group=raw_return_extend; tag=r067; focus=preserve raw max_return by extending winners and blocking only adverse shock
8V8_LONG_DUAL_BEST_200_UNTRIED,8V8_RAWV51_I086_raw_official_conversion_r086,8V4_V51_V002_core_rare22_c1,unrestricted_cd_leader_v51,raw_official_conversion,long,5m,597,1021,498,523,48.77571,1.102794,2.148814,1.263933,100.857721221,1.700101,True,official_mdd_pass,8V8 long dual-best improvement from 8V4_V51_V002_core_rare22_c1; group=raw_official_conversion; tag=r086; focus=convert V51 raw leader into MDD<5 official-pass candidate
8V8_LONG_DUAL_BEST_200_UNTRIED,8V8_RAWV51_I045_raw_safe_graft_r045,8V4_V51_V002_core_rare22_c1,unrestricted_cd_leader_v51,raw_safe_graft,long,5m,597,168,87,81,51.785714,0.93129,1.714775,0.884177,100.81543655,1.939403,True,official_mdd_pass,8V8 long dual-best improvement from 8V4_V51_V002_core_rare22_c1; group=raw_safe_graft; tag=r045; focus=graft strict/lowanchor safe branch only onto risky V51 contexts
8V8_LONG_DUAL_BEST_200_UNTRIED,8V8_SAFE6V2_I061_safe_reclaim_quality_s061,6V2_L01_doubleflush_core,official_mdd5_cd_leader_6v2,safe_reclaim_quality,long,5m,597,692,342,350,49.421965,1.020627,1.626408,0.817757,100.795351472,1.988865,True,official_mdd_pass,8V8 long dual-best improvement from 6V2_L01_doubleflush_core; group=safe_reclaim_quality; tag=s061; focus=reclaim quality / spring / EMA repair mix
8V8_LONG_DUAL_BEST_200_UNTRIED,8V8_RAWV51_I031_raw_safe_graft_r031,8V4_V51_V002_core_rare22_c1,unrestricted_cd_leader_v51,raw_safe_graft,long,5m,597,508,212,296,41.732283,1.334797,1.716966,0.910353,100.790982192,1.886044,True,official_mdd_pass,8V8 long dual-best improvement from 8V4_V51_V002_core_rare22_c1; group=raw_safe_graft; tag=r031; focus=graft strict/lowanchor safe branch only onto risky V51 contexts
8V8_LONG_DUAL_BEST_200_UNTRIED,8V8_RAWV51_I091_raw_official_conversion_r091,8V4_V51_V002_core_rare22_c1,unrestricted_cd_leader_v51,raw_official_conversion,long,5m,597,450,201,249,44.666667,0.992647,1.673274,0.87638,100.782229295,1.909301,True,official_mdd_pass,8V8 long dual-best improvement from 8V4_V51_V002_core_rare22_c1; group=raw_official_conversion; tag=r091; focus=convert V51 raw leader into MDD<5 official-pass candidate
8V8_LONG_DUAL_BEST_200_UNTRIED,8V8_SAFE6V2_I038_safe_dd_brake_s038,6V2_L01_doubleflush_core,official_mdd5_cd_leader_6v2,safe_dd_brake,long,5m,597,626,263,363,42.01278,1.167074,1.619064,0.830509,100.775109202,1.949485,True,official_mdd_pass,8V8 long dual-best improvement from 6V2_L01_doubleflush_core; group=safe_dd_brake; tag=s038; focus=official MDD guard through loss cluster and symbol DD brakes
8V8_LONG_DUAL_BEST_200_UNTRIED,8V8_RAWV51_I013_raw_cluster_cover_r013,8V4_V51_V002_core_rare22_c1,unrestricted_cd_leader_v51,raw_cluster_cover,long,5m,597,73,44,29,60.273973,0.848068,1.014432,0.249409,100.762492517,4.067338,True,official_mdd_pass,8V8 long dual-best improvement from 8V4_V51_V002_core_rare22_c1; group=raw_cluster_cover; tag=r013; focus=cover V51 loss clusters while preserving rare22 engine
8V8_LONG_DUAL_BEST_200_UNTRIED,8V8_SAFE6V2_I043_safe_dd_brake_s043,6V2_L01_doubleflush_core,official_mdd5_cd_leader_6v2,safe_dd_brake,long,5m,597,360,131,229,36.388889,0.813386,1.476782,0.710843,100.755441726,2.077508,True,official_mdd_pass,8V8 long dual-best improvement from 6V2_L01_doubleflush_core; group=safe_dd_brake; tag=s043; focus=official MDD guard through loss cluster and symbol DD brakes
8V8_LONG_DUAL_BEST_200_UNTRIED,8V8_SAFE6V2_I022_safe_density_release_s022,6V2_L01_doubleflush_core,official_mdd5_cd_leader_6v2,safe_density_release,long,5m,597,1515,677,838,44.686469,1.283636,3.117464,2.300963,100.74476981,1.354852,True,official_mdd_pass,8V8 long dual-best improvement from 6V2_L01_doubleflush_core; group=safe_density_release; tag=s022; focus=safe baseline density release without blind parameter tuning
8V8_LONG_DUAL_BEST_200_UNTRIED,8V8_RAWV51_I009_raw_cluster_cover_r009,8V4_V51_V002_core_rare22_c1,unrestricted_cd_leader_v51,raw_cluster_cover,long,5m,597,307,128,179,41.693811,0.858674,2.375286,1.602033,100.735200077,1.48267,True,official_mdd_pass,8V8 long dual-best improvement from 8V4_V51_V002_core_rare22_c1; group=raw_cluster_cover; tag=r009; focus=cover V51 loss clusters while preserving rare22 engine
8V8_LONG_DUAL_BEST_200_UNTRIED,8V8_RAWV51_I037_raw_safe_graft_r037,8V4_V51_V002_core_rare22_c1,unrestricted_cd_leader_v51,raw_safe_graft,long,5m,597,818,379,439,46.332518,0.806862,2.363557,1.610476,100.715015973,1.467614,True,official_mdd_pass,8V8 long dual-best improvement from 8V4_V51_V002_core_rare22_c1; group=raw_safe_graft; tag=r037; focus=graft strict/lowanchor safe branch only onto risky V51 contexts
8V8_LONG_DUAL_BEST_200_UNTRIED,8V8_RAWV51_I063_raw_return_extend_r063,8V4_V51_V002_core_rare22_c1,unrestricted_cd_leader_v51,raw_return_extend,long,5m,597,74,32,42,43.243243,0.78686,0.879224,0.225643,100.651597324,3.896528,True,official_mdd_pass,8V8 long dual-best improvement from 8V4_V51_V002_core_rare22_c1; group=raw_return_extend; tag=r063; focus=preserve raw max_return by extending winners and blocking only adverse shock
8V8_LONG_DUAL_BEST_200_UNTRIED,8V8_RAWV51_I070_raw_return_extend_r070,8V4_V51_V002_core_rare22_c1,unrestricted_cd_leader_v51,raw_return_extend,long,5m,597,168,87,81,51.785714,0.719624,1.600703,0.963696,100.621581289,1.661004,True,official_mdd_pass,8V8 long dual-best improvement from 8V4_V51_V002_core_rare22_c1; group=raw_return_extend; tag=r070; focus=preserve raw max_return by extending winners and blocking only adverse shock
8V8_LONG_DUAL_BEST_200_UNTRIED,8V8_RAWV51_I044_raw_safe_graft_r044,8V4_V51_V002_core_rare22_c1,unrestricted_cd_leader_v51,raw_safe_graft,long,5m,597,198,88,110,44.444444,0.688131,1.591628,0.959862,100.616487886,1.658183,True,official_mdd_pass,8V8 long dual-best improvement from 8V4_V51_V002_core_rare22_c1; group=raw_safe_graft; tag=r044; focus=graft strict/lowanchor safe branch only onto risky V51 contexts
8V8_LONG_DUAL_BEST_200_UNTRIED,8V8_RAWV51_I096_raw_official_conversion_r096,8V4_V51_V002_core_rare22_c1,unrestricted_cd_leader_v51,raw_official_conversion,long,5m,597,689,343,346,49.782293,0.828696,1.29155,0.675613,100.607210401,1.91167,True,official_mdd_pass,8V8 long dual-best improvement from 8V4_V51_V002_core_rare22_c1; group=raw_official_conversion; tag=r096; focus=convert V51 raw leader into MDD<5 official-pass candidate
8V8_LONG_DUAL_BEST_200_UNTRIED,8V8_RAWV51_I015_raw_cluster_cover_r015,8V4_V51_V002_core_rare22_c1,unrestricted_cd_leader_v51,raw_cluster_cover,long,5m,597,23,17,6,73.913043,0.730198,0.730198,0.125997,100.603280379,5.795346,True,official_mdd_pass,8V8 long dual-best improvement from 8V4_V51_V002_core_rare22_c1; group=raw_cluster_cover; tag=r015; focus=cover V51 loss clusters while preserving rare22 engine
8V8_LONG_DUAL_BEST_200_UNTRIED,8V8_RAWV51_I078_raw_official_conversion_r078,8V4_V51_V002_core_rare22_c1,unrestricted_cd_leader_v51,raw_official_conversion,long,5m,597,640,331,309,51.71875,2.105027,2.581874,1.928796,100.603278595,1.338593,True,official_mdd_pass,8V8 long dual-best improvement from 8V4_V51_V002_core_rare22_c1; group=raw_official_conversion; tag=r078; focus=convert V51 raw leader into MDD<5 official-pass candidate
8V8_LONG_DUAL_BEST_200_UNTRIED,8V8_RAWV51_I011_raw_cluster_cover_r011,8V4_V51_V002_core_rare22_c1,unrestricted_cd_leader_v51,raw_cluster_cover,long,5m,597,1042,481,561,46.161228,0.827348,2.119668,1.502864,100.584948088,1.410419,True,official_mdd_pass,8V8 long dual-best improvement from 8V4_V51_V002_core_rare22_c1; group=raw_cluster_cover; tag=r011; focus=cover V51 loss clusters while preserving rare22 engine
8V8_LONG_DUAL_BEST_200_UNTRIED,8V8_RAWV51_I087_raw_official_conversion_r087,8V4_V51_V002_core_rare22_c1,unrestricted_cd_leader_v51,raw_official_conversion,long,5m,597,232,120,112,51.724138,0.616613,1.08724,0.504798,100.576953659,2.153813,True,official_mdd_pass,8V8 long dual-best improvement from 8V4_V51_V002_core_rare22_c1; group=raw_official_conversion; tag=r087; focus=convert V51 raw leader into MDD<5 official-pass candidate
8V8_LONG_DUAL_BEST_200_UNTRIED,8V8_RAWV51_I082_raw_official_conversion_r082,8V4_V51_V002_core_rare22_c1,unrestricted_cd_leader_v51,raw_official_conversion,long,5m,597,303,131,172,43.234323,0.985716,1.290669,0.728781,100.552482098,1.770998,True,official_mdd_pass,8V8 long dual-best improvement from 8V4_V51_V002_core_rare22_c1; group=raw_official_conversion; tag=r082; focus=convert V51 raw leader into MDD<5 official-pass candidate
8V8_LONG_DUAL_BEST_200_UNTRIED,8V8_RAWV51_I016_raw_cluster_cover_r016,8V4_V51_V002_core_rare22_c1,unrestricted_cd_leader_v51,raw_cluster_cover,long,5m,597,595,225,370,37.815126,0.803804,2.017649,1.479704,100.508090336,1.363549,True,official_mdd_pass,8V8 long dual-best improvement from 8V4_V51_V002_core_rare22_c1; group=raw_cluster_cover; tag=r016; focus=cover V51 loss clusters while preserving rare22 engine
8V8_LONG_DUAL_BEST_200_UNTRIED,8V8_RAWV51_I005_raw_cluster_cover_r005,8V4_V51_V002_core_rare22_c1,unrestricted_cd_leader_v51,raw_cluster_cover,long,5m,597,341,181,160,53.079179,2.737881,2.773829,2.209528,100.503012921,1.255395,True,official_mdd_pass,8V8 long dual-best improvement from 8V4_V51_V002_core_rare22_c1; group=raw_cluster_cover; tag=r005; focus=cover V51 loss clusters while preserving rare22 engine
8V8_LONG_DUAL_BEST_200_UNTRIED,8V8_RAWV51_I049_raw_safe_graft_r049,8V4_V51_V002_core_rare22_c1,unrestricted_cd_leader_v51,raw_safe_graft,long,5m,597,174,83,91,47.701149,1.254569,1.254569,0.771679,100.473209105,1.625766,True,official_mdd_pass,8V8 long dual-best improvement from 8V4_V51_V002_core_rare22_c1; group=raw_safe_graft; tag=r049; focus=graft strict/lowanchor safe branch only onto risky V51 contexts
8V8_LONG_DUAL_BEST_200_UNTRIED,8V8_RAWV51_I010_raw_cluster_cover_r010,8V4_V51_V002_core_rare22_c1,unrestricted_cd_leader_v51,raw_cluster_cover,long,5m,597,88,49,39,55.681818,1.122218,1.241451,0.798885,100.432648691,1.553981,True,official_mdd_pass,8V8 long dual-best improvement from 8V4_V51_V002_core_rare22_c1; group=raw_cluster_cover; tag=r010; focus=cover V51 loss clusters while preserving rare22 engine
8V8_LONG_DUAL_BEST_200_UNTRIED,8V8_RAWV51_I021_raw_cluster_cover_r021,8V4_V51_V002_core_rare22_c1,unrestricted_cd_leader_v51,raw_cluster_cover,long,5m,597,1341,610,731,45.488441,0.507747,1.968186,1.524626,100.41355237,1.29093,True,official_mdd_pass,8V8 long dual-best improvement from 8V4_V51_V002_core_rare22_c1; group=raw_cluster_cover; tag=r021; focus=cover V51 loss clusters while preserving rare22 engine
8V8_LONG_DUAL_BEST_200_UNTRIED,8V8_RAWV51_I088_raw_official_conversion_r088,8V4_V51_V002_core_rare22_c1,unrestricted_cd_leader_v51,raw_official_conversion,long,5m,597,37,21,16,56.756757,0.513379,0.545004,0.136929,100.407329031,3.980199,True,official_mdd_pass,8V8 long dual-best improvement from 8V4_V51_V002_core_rare22_c1; group=raw_official_conversion; tag=r088; focus=convert V51 raw leader into MDD<5 official-pass candidate
8V8_LONG_DUAL_BEST_200_UNTRIED,8V8_RAWV51_I084_raw_official_conversion_r084,8V4_V51_V002_core_rare22_c1,unrestricted_cd_leader_v51,raw_official_conversion,long,5m,597,260,102,158,39.230769,0.536716,1.985125,1.550466,100.403880392,1.280341,True,official_mdd_pass,8V8 long dual-best improvement from 8V4_V51_V002_core_rare22_c1; group=raw_official_conversion; tag=r084; focus=convert V51 raw leader into MDD<5 official-pass candidate
8V8_LONG_DUAL_BEST_200_UNTRIED,8V8_RAWV51_I035_raw_safe_graft_r035,8V4_V51_V002_core_rare22_c1,unrestricted_cd_leader_v51,raw_safe_graft,long,5m,597,77,42,35,54.545455,0.494206,0.727066,0.322325,100.402397551,2.255694,True,official_mdd_pass,8V8 long dual-best improvement from 8V4_V51_V002_core_rare22_c1; group=raw_safe_graft; tag=r035; focus=graft strict/lowanchor safe branch only onto risky V51 contexts
8V8_LONG_DUAL_BEST_200_UNTRIED,8V8_SAFE6V2_I033_safe_dd_brake_s033,6V2_L01_doubleflush_core,official_mdd5_cd_leader_6v2,safe_dd_brake,long,5m,597,843,323,520,38.31554,0.693022,2.367994,1.930428,100.391853142,1.226668,True,official_mdd_pass,8V8 long dual-best improvement from 6V2_L01_doubleflush_core; group=safe_dd_brake; tag=s033; focus=official MDD guard through loss cluster and symbol DD brakes
8V8_LONG_DUAL_BEST_200_UNTRIED,8V8_RAWV51_I069_raw_return_extend_r069,8V4_V51_V002_core_rare22_c1,unrestricted_cd_leader_v51,raw_return_extend,long,5m,597,199,89,110,44.723618,0.439815,1.45705,1.052548,100.389166215,1.384308,True,official_mdd_pass,8V8 long dual-best improvement from 8V4_V51_V002_core_rare22_c1; group=raw_return_extend; tag=r069; focus=preserve raw max_return by extending winners and blocking only adverse shock
8V8_LONG_DUAL_BEST_200_UNTRIED,8V8_RAWV51_I036_raw_safe_graft_r036,8V4_V51_V002_core_rare22_c1,unrestricted_cd_leader_v51,raw_safe_graft,long,5m,597,930,424,506,45.591398,0.547616,2.043727,1.624825,100.385695452,1.257814,True,official_mdd_pass,8V8 long dual-best improvement from 8V4_V51_V002_core_rare22_c1; group=raw_safe_graft; tag=r036; focus=graft strict/lowanchor safe branch only onto risky V51 contexts
8V8_LONG_DUAL_BEST_200_UNTRIED,8V8_SAFE6V2_I059_safe_reclaim_quality_s059,6V2_L01_doubleflush_core,official_mdd5_cd_leader_6v2,safe_reclaim_quality,long,5m,597,438,155,283,35.388128,0.443721,1.620493,1.218816,100.381925684,1.329563,True,official_mdd_pass,8V8 long dual-best improvement from 6V2_L01_doubleflush_core; group=safe_reclaim_quality; tag=s059; focus=reclaim quality / spring / EMA repair mix
8V8_LONG_DUAL_BEST_200_UNTRIED,8V8_RAWV51_I050_raw_safe_graft_r050,8V4_V51_V002_core_rare22_c1,unrestricted_cd_leader_v51,raw_safe_graft,long,5m,597,83,43,40,51.807229,0.594481,0.869053,0.504862,100.35980314,1.721367,True,official_mdd_pass,8V8 long dual-best improvement from 8V4_V51_V002_core_rare22_c1; group=raw_safe_graft; tag=r050; focus=graft strict/lowanchor safe branch only onto risky V51 contexts
8V8_LONG_DUAL_BEST_200_UNTRIED,8V8_SAFE6V2_I060_safe_reclaim_quality_s060,6V2_L01_doubleflush_core,official_mdd5_cd_leader_6v2,safe_reclaim_quality,long,5m,597,407,146,261,35.872236,0.577062,1.45987,1.104095,100.339657018,1.322233,True,official_mdd_pass,8V8 long dual-best improvement from 6V2_L01_doubleflush_core; group=safe_reclaim_quality; tag=s060; focus=reclaim quality / spring / EMA repair mix
8V8_LONG_DUAL_BEST_200_UNTRIED,8V8_RAWV51_I059_raw_return_extend_r059,8V4_V51_V002_core_rare22_c1,unrestricted_cd_leader_v51,raw_return_extend,long,5m,597,207,96,111,46.376812,0.376264,1.190829,0.877375,100.303006046,1.357264,True,official_mdd_pass,8V8 long dual-best improvement from 8V4_V51_V002_core_rare22_c1; group=raw_return_extend; tag=r059; focus=preserve raw max_return by extending winners and blocking only adverse shock
8V8_LONG_DUAL_BEST_200_UNTRIED,8V8_RAWV51_I034_raw_safe_graft_r034,8V4_V51_V002_core_rare22_c1,unrestricted_cd_leader_v51,raw_safe_graft,long,5m,597,86,38,48,44.186047,0.401254,0.675882,0.381462,100.291841578,1.771819,True,official_mdd_pass,8V8 long dual-best improvement from 8V4_V51_V002_core_rare22_c1; group=raw_safe_graft; tag=r034; focus=graft strict/lowanchor safe branch only onto risky V51 contexts
8V8_LONG_DUAL_BEST_200_UNTRIED,8V8_RAWV51_I032_raw_safe_graft_r032,8V4_V51_V002_core_rare22_c1,unrestricted_cd_leader_v51,raw_safe_graft,long,5m,597,137,52,85,37.956204,0.284405,0.884567,0.603805,100.275421194,1.464988,True,official_mdd_pass,8V8 long dual-best improvement from 8V4_V51_V002_core_rare22_c1; group=raw_safe_graft; tag=r032; focus=graft strict/lowanchor safe branch only onto risky V51 contexts
8V8_LONG_DUAL_BEST_200_UNTRIED,8V8_RAWV51_I024_raw_cluster_cover_r024,8V4_V51_V002_core_rare22_c1,unrestricted_cd_leader_v51,raw_cluster_cover,long,5m,597,179,84,95,46.927374,0.787591,1.03869,0.789321,100.241169968,1.315928,True,official_mdd_pass,8V8 long dual-best improvement from 8V4_V51_V002_core_rare22_c1; group=raw_cluster_cover; tag=r024; focus=cover V51 loss clusters while preserving rare22 engine
8V8_LONG_DUAL_BEST_200_UNTRIED,8V8_RAWV51_I047_raw_safe_graft_r047,8V4_V51_V002_core_rare22_c1,unrestricted_cd_leader_v51,raw_safe_graft,long,5m,597,192,78,114,40.625,0.567543,0.679163,0.462568,100.21345363,1.468245,True,official_mdd_pass,8V8 long dual-best improvement from 8V4_V51_V002_core_rare22_c1; group=raw_safe_graft; tag=r047; focus=graft strict/lowanchor safe branch only onto risky V51 contexts
8V8_LONG_DUAL_BEST_200_UNTRIED,8V8_RAWV51_I060_raw_return_extend_r060,8V4_V51_V002_core_rare22_c1,unrestricted_cd_leader_v51,raw_return_extend,long,5m,597,161,70,91,43.478261,0.217331,0.928743,0.734986,100.186930949,1.26362,True,official_mdd_pass,8V8 long dual-best improvement from 8V4_V51_V002_core_rare22_c1; group=raw_return_extend; tag=r060; focus=preserve raw max_return by extending winners and blocking only adverse shock
8V8_LONG_DUAL_BEST_200_UNTRIED,8V8_SAFE6V2_I001_safe_density_release_s001,6V2_L01_doubleflush_core,official_mdd5_cd_leader_6v2,safe_density_release,long,5m,597,3467,1581,1886,45.601384,1.431333,4.844987,4.446006,100.183572716,1.089739,True,official_mdd_pass,8V8 long dual-best improvement from 6V2_L01_doubleflush_core; group=safe_density_release; tag=s001; focus=safe baseline density release without blind parameter tuning
8V8_LONG_DUAL_BEST_200_UNTRIED,8V8_RAWV51_I025_raw_cluster_cover_r025,8V4_V51_V002_core_rare22_c1,unrestricted_cd_leader_v51,raw_cluster_cover,long,5m,597,7,6,1,85.714286,0.176906,0.176906,0.01414,100.162741014,12.511319,True,official_mdd_pass,8V8 long dual-best improvement from 8V4_V51_V002_core_rare22_c1; group=raw_cluster_cover; tag=r025; focus=cover V51 loss clusters while preserving rare22 engine
8V8_LONG_DUAL_BEST_200_UNTRIED,8V8_SAFE6V2_I020_safe_density_release_s020,6V2_L01_doubleflush_core,official_mdd5_cd_leader_6v2,safe_density_release,long,5m,597,23,13,10,56.521739,0.256987,0.295542,0.138311,100.156822449,2.136793,True,official_mdd_pass,8V8 long dual-best improvement from 6V2_L01_doubleflush_core; group=safe_density_release; tag=s020; focus=safe baseline density release without blind parameter tuning
8V8_LONG_DUAL_BEST_200_UNTRIED,8V8_RAWV51_I099_raw_official_conversion_r099,8V4_V51_V002_core_rare22_c1,unrestricted_cd_leader_v51,raw_official_conversion,long,5m,597,160,76,84,47.5,0.60246,0.752632,0.600685,100.147425846,1.252956,True,official_mdd_pass,8V8 long dual-best improvement from 8V4_V51_V002_core_rare22_c1; group=raw_official_conversion; tag=r099; focus=convert V51 raw leader into MDD<5 official-pass candidate
8V8_LONG_DUAL_BEST_200_UNTRIED,8V8_SAFE6V2_I044_safe_dd_brake_s044,6V2_L01_doubleflush_core,official_mdd5_cd_leader_6v2,safe_dd_brake,long,5m,597,29,13,16,44.827586,0.252829,0.333589,0.189217,100.143740807,1.762998,True,official_mdd_pass,8V8 long dual-best improvement from 6V2_L01_doubleflush_core; group=safe_dd_brake; tag=s044; focus=official MDD guard through loss cluster and symbol DD brakes
8V8_LONG_DUAL_BEST_200_UNTRIED,8V8_RAWV51_I019_raw_cluster_cover_r019,8V4_V51_V002_core_rare22_c1,unrestricted_cd_leader_v51,raw_cluster_cover,long,5m,597,62,26,36,41.935484,0.132704,0.527375,0.404662,100.120578932,1.303248,True,official_mdd_pass,8V8 long dual-best improvement from 8V4_V51_V002_core_rare22_c1; group=raw_cluster_cover; tag=r019; focus=cover V51 loss clusters while preserving rare22 engine
8V8_LONG_DUAL_BEST_200_UNTRIED,8V8_SAFE6V2_I019_safe_density_release_s019,6V2_L01_doubleflush_core,official_mdd5_cd_leader_6v2,safe_density_release,long,5m,597,29,13,16,44.827586,0.165072,0.286335,0.189217,100.09657638,1.513264,True,official_mdd_pass,8V8 long dual-best improvement from 6V2_L01_doubleflush_core; group=safe_density_release; tag=s019; focus=safe baseline density release without blind parameter tuning
8V8_LONG_DUAL_BEST_200_UNTRIED,8V8_SAFE6V2_I094_safe_exit_repair_s094,6V2_L01_doubleflush_core,official_mdd5_cd_leader_6v2,safe_exit_repair,long,5m,597,29,10,19,34.482759,0.131795,0.244487,0.162771,100.081317734,1.502029,True,official_mdd_pass,8V8 long dual-best improvement from 6V2_L01_doubleflush_core; group=safe_exit_repair; tag=s094; focus=exit-first repair with minimal extra entry filters
8V8_LONG_DUAL_BEST_200_UNTRIED,8V8_SAFE6V2_I058_safe_reclaim_quality_s058,6V2_L01_doubleflush_core,official_mdd5_cd_leader_6v2,safe_reclaim_quality,long,5m,597,976,345,631,35.348361,0.301038,2.746121,2.596176,100.078651424,1.057756,True,official_mdd_pass,8V8 long dual-best improvement from 6V2_L01_doubleflush_core; group=safe_reclaim_quality; tag=s058; focus=reclaim quality / spring / EMA repair mix
8V8_LONG_DUAL_BEST_200_UNTRIED,8V8_SAFE6V2_I095_safe_exit_repair_s095,6V2_L01_doubleflush_core,official_mdd5_cd_leader_6v2,safe_exit_repair,long,5m,597,24,9,15,37.5,0.131252,0.25369,0.184085,100.069137956,1.378113,True,official_mdd_pass,8V8 long dual-best improvement from 6V2_L01_doubleflush_core; group=safe_exit_repair; tag=s095; focus=exit-first repair with minimal extra entry filters
8V8_LONG_DUAL_BEST_200_UNTRIED,8V8_RAWV51_I018_raw_cluster_cover_r018,8V4_V51_V002_core_rare22_c1,unrestricted_cd_leader_v51,raw_cluster_cover,long,5m,597,15,6,9,40.0,0.045158,0.148357,0.103046,100.045157534,1.439709,True,official_mdd_pass,8V8 long dual-best improvement from 8V4_V51_V002_core_rare22_c1; group=raw_cluster_cover; tag=r018; focus=cover V51 loss clusters while preserving rare22 engine
8V8_LONG_DUAL_BEST_200_UNTRIED,8V8_RAWV51_I057_raw_return_extend_r057,8V4_V51_V002_core_rare22_c1,unrestricted_cd_leader_v51,raw_return_extend,long,5m,597,797,330,467,41.40527,0.061222,2.789829,2.676748,100.038404265,1.042246,True,official_mdd_pass,8V8 long dual-best improvement from 8V4_V51_V002_core_rare22_c1; group=raw_return_extend; tag=r057; focus=preserve raw max_return by extending winners and blocking only adverse shock
8V8_LONG_DUAL_BEST_200_UNTRIED,8V8_RAWV51_I046_raw_safe_graft_r046,8V4_V51_V002_core_rare22_c1,unrestricted_cd_leader_v51,raw_safe_graft,long,5m,597,362,186,176,51.381215,0.785478,0.785478,0.745689,100.033931134,1.053358,True,official_mdd_pass,8V8 long dual-best improvement from 8V4_V51_V002_core_rare22_c1; group=raw_safe_graft; tag=r046; focus=graft strict/lowanchor safe branch only onto risky V51 contexts
8V8_LONG_DUAL_BEST_200_UNTRIED,8V8_RAWV51_I094_raw_official_conversion_r094,8V4_V51_V002_core_rare22_c1,unrestricted_cd_leader_v51,raw_official_conversion,long,5m,597,51,19,32,37.254902,0.030928,0.414527,0.382016,100.030927681,1.085104,True,official_mdd_pass,8V8 long dual-best improvement from 8V4_V51_V002_core_rare22_c1; group=raw_official_conversion; tag=r094; focus=convert V51 raw leader into MDD<5 official-pass candidate
8V8_LONG_DUAL_BEST_200_UNTRIED,8V8_RAWV51_I020_raw_cluster_cover_r020,8V4_V51_V002_core_rare22_c1,unrestricted_cd_leader_v51,raw_cluster_cover,long,5m,597,3,2,1,66.666667,-0.000392,0.032427,0.032808,99.999608046,0.988377,True,official_mdd_pass,8V8 long dual-best improvement from 8V4_V51_V002_core_rare22_c1; group=raw_cluster_cover; tag=r020; focus=cover V51 loss clusters while preserving rare22 engine
8V8_LONG_DUAL_BEST_200_UNTRIED,8V8_SAFE6V2_I076_safe_exit_repair_s076,6V2_L01_doubleflush_core,official_mdd5_cd_leader_6v2,safe_exit_repair,long,5m,597,4092,1738,2354,42.473118,1.649886,5.162553,4.910779,99.998253089,1.05127,True,official_mdd_pass,8V8 long dual-best improvement from 6V2_L01_doubleflush_core; group=safe_exit_repair; tag=s076; focus=exit-first repair with minimal extra entry filters
8V8_LONG_DUAL_BEST_200_UNTRIED,8V8_RAWV51_I048_raw_safe_graft_r048,8V4_V51_V002_core_rare22_c1,unrestricted_cd_leader_v51,raw_safe_graft,long,5m,597,226,80,146,35.39823,0.206012,0.833933,0.829868,99.99714413,1.004898,True,official_mdd_pass,8V8 long dual-best improvement from 8V4_V51_V002_core_rare22_c1; group=raw_safe_graft; tag=r048; focus=graft strict/lowanchor safe branch only onto risky V51 contexts
8V8_LONG_DUAL_BEST_200_UNTRIED,8V8_RAWV51_I074_raw_return_extend_r074,8V4_V51_V002_core_rare22_c1,unrestricted_cd_leader_v51,raw_return_extend,long,5m,597,165,75,90,45.454545,0.717262,0.861768,0.86264,99.991693444,0.998988,True,official_mdd_pass,8V8 long dual-best improvement from 8V4_V51_V002_core_rare22_c1; group=raw_return_extend; tag=r074; focus=preserve raw max_return by extending winners and blocking only adverse shock
8V8_LONG_DUAL_BEST_200_UNTRIED,8V8_RAWV51_I092_raw_official_conversion_r092,8V4_V51_V002_core_rare22_c1,unrestricted_cd_leader_v51,raw_official_conversion,long,5m,597,15,5,10,33.333333,-0.050906,0.038846,0.089717,99.949094147,0.432986,True,official_mdd_pass,8V8 long dual-best improvement from 8V4_V51_V002_core_rare22_c1; group=raw_official_conversion; tag=r092; focus=convert V51 raw leader into MDD<5 official-pass candidate
8V8_LONG_DUAL_BEST_200_UNTRIED,8V8_SAFE6V2_I018_safe_density_release_s018,6V2_L01_doubleflush_core,official_mdd5_cd_leader_6v2,safe_density_release,long,5m,597,55,22,33,40.0,-0.01655,0.328199,0.397001,99.929895379,0.826696,True,official_mdd_pass,8V8 long dual-best improvement from 6V2_L01_doubleflush_core; group=safe_density_release; tag=s018; focus=safe baseline density release without blind parameter tuning
8V8_LONG_DUAL_BEST_200_UNTRIED,8V8_RAWV51_I072_raw_return_extend_r072,8V4_V51_V002_core_rare22_c1,unrestricted_cd_leader_v51,raw_return_extend,long,5m,597,298,118,180,39.597315,0.213979,0.878075,0.955935,99.913746342,0.918551,True,official_mdd_pass,8V8 long dual-best improvement from 8V4_V51_V002_core_rare22_c1; group=raw_return_extend; tag=r072; focus=preserve raw max_return by extending winners and blocking only adverse shock
8V8_LONG_DUAL_BEST_200_UNTRIED,8V8_RAWV51_I075_raw_return_extend_r075,8V4_V51_V002_core_rare22_c1,unrestricted_cd_leader_v51,raw_return_extend,long,5m,597,83,32,51,38.554217,0.08046,0.535568,0.650431,99.881653217,0.823404,True,official_mdd_pass,8V8 long dual-best improvement from 8V4_V51_V002_core_rare22_c1; group=raw_return_extend; tag=r075; focus=preserve raw max_return by extending winners and blocking only adverse shock
8V8_LONG_DUAL_BEST_200_UNTRIED,8V8_SAFE6V2_I017_safe_density_release_s017,6V2_L01_doubleflush_core,official_mdd5_cd_leader_6v2,safe_density_release,long,5m,597,61,21,40,34.42623,-0.077946,0.320093,0.443777,99.874895488,0.721292,True,official_mdd_pass,8V8 long dual-best improvement from 6V2_L01_doubleflush_core; group=safe_density_release; tag=s017; focus=safe baseline density release without blind parameter tuning
8V8_LONG_DUAL_BEST_200_UNTRIED,8V8_RAWV51_I093_raw_official_conversion_r093,8V4_V51_V002_core_rare22_c1,unrestricted_cd_leader_v51,raw_official_conversion,long,5m,597,17,4,13,23.529412,-0.077306,0.017201,0.150225,99.866950233,0.114503,True,official_mdd_pass,8V8 long dual-best improvement from 8V4_V51_V002_core_rare22_c1; group=raw_official_conversion; tag=r093; focus=convert V51 raw leader into MDD<5 official-pass candidate
8V8_LONG_DUAL_BEST_200_UNTRIED,8V8_SAFE6V2_I056_safe_reclaim_quality_s056,6V2_L01_doubleflush_core,official_mdd5_cd_leader_6v2,safe_reclaim_quality,long,5m,597,1586,624,962,39.344262,0.512417,2.337066,2.423677,99.856746263,0.964265,True,official_mdd_pass,8V8 long dual-best improvement from 6V2_L01_doubleflush_core; group=safe_reclaim_quality; tag=s056; focus=reclaim quality / spring / EMA repair mix
8V8_LONG_DUAL_BEST_200_UNTRIED,8V8_SAFE6V2_I093_safe_exit_repair_s093,6V2_L01_doubleflush_core,official_mdd5_cd_leader_6v2,safe_exit_repair,long,5m,597,54,10,44,18.518519,-0.113881,0.214623,0.367243,99.846591998,0.584418,True,official_mdd_pass,8V8 long dual-best improvement from 6V2_L01_doubleflush_core; group=safe_exit_repair; tag=s093; focus=exit-first repair with minimal extra entry filters
8V8_LONG_DUAL_BEST_200_UNTRIED,8V8_SAFE6V2_I049_safe_dd_brake_s049,6V2_L01_doubleflush_core,official_mdd5_cd_leader_6v2,safe_dd_brake,long,5m,597,38,15,23,39.473684,0.038911,0.049516,0.219595,99.829812976,0.22549,True,official_mdd_pass,8V8 long dual-best improvement from 6V2_L01_doubleflush_core; group=safe_dd_brake; tag=s049; focus=official MDD guard through loss cluster and symbol DD brakes
8V8_LONG_DUAL_BEST_200_UNTRIED,8V8_RAWV51_I023_raw_cluster_cover_r023,8V4_V51_V002_core_rare22_c1,unrestricted_cd_leader_v51,raw_cluster_cover,long,5m,597,129,53,76,41.085271,-0.122,0.443685,0.611949,99.829021274,0.725037,True,official_mdd_pass,8V8 long dual-best improvement from 8V4_V51_V002_core_rare22_c1; group=raw_cluster_cover; tag=r023; focus=cover V51 loss clusters while preserving rare22 engine
8V8_LONG_DUAL_BEST_200_UNTRIED,8V8_RAWV51_I098_raw_official_conversion_r098,8V4_V51_V002_core_rare22_c1,unrestricted_cd_leader_v51,raw_official_conversion,long,5m,597,38,15,23,39.473684,-0.032789,0.031536,0.219759,99.811708325,0.143504,True,official_mdd_pass,8V8 long dual-best improvement from 8V4_V51_V002_core_rare22_c1; group=raw_official_conversion; tag=r098; focus=convert V51 raw leader into MDD<5 official-pass candidate
8V8_LONG_DUAL_BEST_200_UNTRIED,8V8_SAFE6V2_I092_safe_exit_repair_s092,6V2_L01_doubleflush_core,official_mdd5_cd_leader_6v2,safe_exit_repair,long,5m,597,66,13,53,19.69697,-0.171287,0.240733,0.450163,99.789486192,0.534769,True,official_mdd_pass,8V8 long dual-best improvement from 6V2_L01_doubleflush_core; group=safe_exit_repair; tag=s092; focus=exit-first repair with minimal extra entry filters
8V8_LONG_DUAL_BEST_200_UNTRIED,8V8_SAFE6V2_I016_safe_density_release_s016,6V2_L01_doubleflush_core,official_mdd5_cd_leader_6v2,safe_density_release,long,5m,597,95,39,56,41.052632,-0.035546,0.324768,0.570524,99.752391429,0.569245,True,official_mdd_pass,8V8 long dual-best improvement from 6V2_L01_doubleflush_core; group=safe_density_release; tag=s016; focus=safe baseline density release without blind parameter tuning
8V8_LONG_DUAL_BEST_200_UNTRIED,8V8_RAWV51_I073_raw_return_extend_r073,8V4_V51_V002_core_rare22_c1,unrestricted_cd_leader_v51,raw_return_extend,long,5m,597,227,77,150,33.920705,-0.009458,0.782095,1.04206,99.731885143,0.750528,True,official_mdd_pass,8V8 long dual-best improvement from 8V4_V51_V002_core_rare22_c1; group=raw_return_extend; tag=r073; focus=preserve raw max_return by extending winners and blocking only adverse shock
8V8_LONG_DUAL_BEST_200_UNTRIED,8V8_RAWV51_I097_raw_official_conversion_r097,8V4_V51_V002_core_rare22_c1,unrestricted_cd_leader_v51,raw_official_conversion,long,5m,597,193,86,107,44.559585,-0.239271,0.161204,0.472832,99.687609779,0.340933,True,official_mdd_pass,8V8 long dual-best improvement from 8V4_V51_V002_core_rare22_c1; group=raw_official_conversion; tag=r097; focus=convert V51 raw leader into MDD<5 official-pass candidate
8V8_LONG_DUAL_BEST_200_UNTRIED,8V8_SAFE6V2_I100_safe_exit_repair_s100,6V2_L01_doubleflush_core,official_mdd5_cd_leader_6v2,safe_exit_repair,long,5m,597,161,62,99,38.509317,-0.315862,0.23205,0.556375,99.674383429,0.417074,True,official_mdd_pass,8V8 long dual-best improvement from 6V2_L01_doubleflush_core; group=safe_exit_repair; tag=s100; focus=exit-first repair with minimal extra entry filters
8V8_LONG_DUAL_BEST_200_UNTRIED,8V8_RAWV51_I083_raw_official_conversion_r083,8V4_V51_V002_core_rare22_c1,unrestricted_cd_leader_v51,raw_official_conversion,long,5m,597,245,86,159,35.102041,0.021251,1.458576,1.798914,99.633424371,0.81081,True,official_mdd_pass,8V8 long dual-best improvement from 8V4_V51_V002_core_rare22_c1; group=raw_official_conversion; tag=r083; focus=convert V51 raw leader into MDD<5 official-pass candidate
8V8_LONG_DUAL_BEST_200_UNTRIED,8V8_SAFE6V2_I026_safe_dd_brake_s026,6V2_L01_doubleflush_core,official_mdd5_cd_leader_6v2,safe_dd_brake,long,5m,597,3910,1786,2124,45.677749,1.313004,4.577993,4.730594,99.630833213,0.967742,True,official_mdd_pass,8V8 long dual-best improvement from 6V2_L01_doubleflush_core; group=safe_dd_brake; tag=s026; focus=official MDD guard through loss cluster and symbol DD brakes
8V8_LONG_DUAL_BEST_200_UNTRIED,8V8_SAFE6V2_I039_safe_dd_brake_s039,6V2_L01_doubleflush_core,official_mdd5_cd_leader_6v2,safe_dd_brake,long,5m,597,102,36,66,35.294118,-0.30227,0.309949,0.73491,99.572760724,0.42175,True,official_mdd_pass,8V8 long dual-best improvement from 6V2_L01_doubleflush_core; group=safe_dd_brake; tag=s039; focus=official MDD guard through loss cluster and symbol DD brakes
8V8_LONG_DUAL_BEST_200_UNTRIED,8V8_SAFE6V2_I099_safe_exit_repair_s099,6V2_L01_doubleflush_core,official_mdd5_cd_leader_6v2,safe_exit_repair,long,5m,597,241,91,150,37.759336,-0.47866,0.190211,0.694752,99.494136954,0.273782,True,official_mdd_pass,8V8 long dual-best improvement from 6V2_L01_doubleflush_core; group=safe_exit_repair; tag=s099; focus=exit-first repair with minimal extra entry filters
8V8_LONG_DUAL_BEST_200_UNTRIED,8V8_SAFE6V2_I091_safe_exit_repair_s091,6V2_L01_doubleflush_core,official_mdd5_cd_leader_6v2,safe_exit_repair,long,5m,597,117,8,109,6.837607,-0.547146,0.175243,0.721125,99.452853842,0.243013,True,official_mdd_pass,8V8 long dual-best improvement from 6V2_L01_doubleflush_core; group=safe_exit_repair; tag=s091; focus=exit-first repair with minimal extra entry filters
8V8_LONG_DUAL_BEST_200_UNTRIED,8V8_SAFE6V2_I034_safe_dd_brake_s034,6V2_L01_doubleflush_core,official_mdd5_cd_leader_6v2,safe_dd_brake,long,5m,597,154,52,102,33.766234,-0.04014,0.367057,0.924713,99.438949716,0.396941,True,official_mdd_pass,8V8 long dual-best improvement from 6V2_L01_doubleflush_core; group=safe_dd_brake; tag=s034; focus=official MDD guard through loss cluster and symbol DD brakes
8V8_LONG_DUAL_BEST_200_UNTRIED,8V8_SAFE6V2_I097_safe_exit_repair_s097,6V2_L01_doubleflush_core,official_mdd5_cd_leader_6v2,safe_exit_repair,long,5m,597,496,243,253,48.991935,-0.55024,0.774653,1.341851,99.422406623,0.577301,True,official_mdd_pass,8V8 long dual-best improvement from 6V2_L01_doubleflush_core; group=safe_exit_repair; tag=s097; focus=exit-first repair with minimal extra entry filters
8V8_LONG_DUAL_BEST_200_UNTRIED,8V8_SAFE6V2_I029_safe_dd_brake_s029,6V2_L01_doubleflush_core,official_mdd5_cd_leader_6v2,safe_dd_brake,long,5m,597,384,148,236,38.541667,-0.459601,0.636437,1.33982,99.288090519,0.475017,True,official_mdd_pass,8V8 long dual-best improvement from 6V2_L01_doubleflush_core; group=safe_dd_brake; tag=s029; focus=official MDD guard through loss cluster and symbol DD brakes
8V8_LONG_DUAL_BEST_200_UNTRIED,8V8_RAWV51_I071_raw_return_extend_r071,8V4_V51_V002_core_rare22_c1,unrestricted_cd_leader_v51,raw_return_extend,long,5m,597,428,171,257,39.953271,-0.644549,0.591491,1.29784,99.285974481,0.45575,True,official_mdd_pass,8V8 long dual-best improvement from 8V4_V51_V002_core_rare22_c1; group=raw_return_extend; tag=r071; focus=preserve raw max_return by extending winners and blocking only adverse shock
8V8_LONG_DUAL_BEST_200_UNTRIED,8V8_SAFE6V2_I098_safe_exit_repair_s098,6V2_L01_doubleflush_core,official_mdd5_cd_leader_6v2,safe_exit_repair,long,5m,597,271,96,175,35.424354,-0.729796,0.08299,0.829742,99.252559794,0.100019,True,official_mdd_pass,8V8 long dual-best improvement from 6V2_L01_doubleflush_core; group=safe_exit_repair; tag=s098; focus=exit-first repair with minimal extra entry filters
8V8_LONG_DUAL_BEST_200_UNTRIED,8V8_SAFE6V2_I028_safe_dd_brake_s028,6V2_L01_doubleflush_core,official_mdd5_cd_leader_6v2,safe_dd_brake,long,5m,597,1256,516,740,41.082803,-0.286664,2.266538,3.003526,99.194936734,0.754626,True,official_mdd_pass,8V8 long dual-best improvement from 6V2_L01_doubleflush_core; group=safe_dd_brake; tag=s028; focus=official MDD guard through loss cluster and symbol DD brakes
8V8_LONG_DUAL_BEST_200_UNTRIED,8V8_SAFE6V2_I085_safe_exit_repair_s085,6V2_L01_doubleflush_core,official_mdd5_cd_leader_6v2,safe_exit_repair,long,5m,597,514,188,326,36.575875,-0.814564,0.546556,1.415752,99.123066852,0.386054,True,official_mdd_pass,8V8 long dual-best improvement from 6V2_L01_doubleflush_core; group=safe_exit_repair; tag=s085; focus=exit-first repair with minimal extra entry filters
8V8_LONG_DUAL_BEST_200_UNTRIED,8V8_SAFE6V2_I096_safe_exit_repair_s096,6V2_L01_doubleflush_core,official_mdd5_cd_leader_6v2,safe_exit_repair,long,5m,597,648,251,397,38.734568,-1.043871,0.490848,1.60673,98.87623144,0.305495,True,official_mdd_pass,8V8 long dual-best improvement from 6V2_L01_doubleflush_core; group=safe_exit_repair; tag=s096; focus=exit-first repair with minimal extra entry filters
8V8_LONG_DUAL_BEST_200_UNTRIED,8V8_SAFE6V2_I084_safe_exit_repair_s084,6V2_L01_doubleflush_core,official_mdd5_cd_leader_6v2,safe_exit_repair,long,5m,597,573,179,394,31.239092,-1.395084,0.366313,1.897363,98.461999677,0.193064,True,official_mdd_pass,8V8 long dual-best improvement from 6V2_L01_doubleflush_core; group=safe_exit_repair; tag=s084; focus=exit-first repair with minimal extra entry filters
8V8_LONG_DUAL_BEST_200_UNTRIED,8V8_RAWV51_I056_raw_return_extend_r056,8V4_V51_V002_core_rare22_c1,unrestricted_cd_leader_v51,raw_return_extend,long,5m,597,1514,536,978,35.402906,-2.136874,2.352452,4.386144,97.863126353,0.536337,True,official_mdd_pass,8V8 long dual-best improvement from 8V4_V51_V002_core_rare22_c1; group=raw_return_extend; tag=r056; focus=preserve raw max_return by extending winners and blocking only adverse shock
8V8_LONG_DUAL_BEST_200_UNTRIED,8V8_SAFE6V2_I090_safe_exit_repair_s090,6V2_L01_doubleflush_core,official_mdd5_cd_leader_6v2,safe_exit_repair,long,5m,597,1110,217,893,19.54955,-3.537413,0.596416,4.10932,96.462587145,0.145137,True,official_mdd_pass,8V8 long dual-best improvement from 6V2_L01_doubleflush_core; group=safe_exit_repair; tag=s090; focus=exit-first repair with minimal extra entry filters
8V8_LONG_DUAL_BEST_200_UNTRIED,8V8_SAFE6V2_I082_safe_exit_repair_s082,6V2_L01_doubleflush_core,official_mdd5_cd_leader_6v2,safe_exit_repair,long,5m,597,1284,392,892,30.529595,-4.591247,0.012236,4.628804,95.38286555,0.002643,True,official_mdd_pass,8V8 long dual-best improvement from 6V2_L01_doubleflush_core; group=safe_exit_repair; tag=s082; focus=exit-first repair with minimal extra entry filters
8V8_LONG_DUAL_BEST_200_UNTRIED,8V8_RAWV51_I030_raw_safe_graft_r030,8V4_V51_V002_core_rare22_c1,unrestricted_cd_leader_v51,raw_safe_graft,long,5m,597,1602,790,812,49.313358,9.03197,15.479726,5.645106,108.96077366,2.74215,False,mdd_fail,8V8 long dual-best improvement from 8V4_V51_V002_core_rare22_c1; group=raw_safe_graft; tag=r030; focus=graft strict/lowanchor safe branch only onto risky V51 contexts
8V8_LONG_DUAL_BEST_200_UNTRIED,8V8_RAWV51_I029_raw_safe_graft_r029,8V4_V51_V002_core_rare22_c1,unrestricted_cd_leader_v51,raw_safe_graft,long,5m,597,2479,1140,1339,45.986285,6.417595,14.528832,7.228186,106.250475562,2.010025,False,mdd_fail,8V8 long dual-best improvement from 8V4_V51_V002_core_rare22_c1; group=raw_safe_graft; tag=r029; focus=graft strict/lowanchor safe branch only onto risky V51 contexts
8V8_LONG_DUAL_BEST_200_UNTRIED,8V8_RAWV51_I003_raw_cluster_cover_r003,8V4_V51_V002_core_rare22_c1,unrestricted_cd_leader_v51,raw_cluster_cover,long,5m,597,3241,1470,1771,45.356371,5.387606,13.30616,7.487084,104.822833256,1.777215,False,mdd_fail,8V8 long dual-best improvement from 8V4_V51_V002_core_rare22_c1; group=raw_cluster_cover; tag=r003; focus=cover V51 loss clusters while preserving rare22 engine
8V8_LONG_DUAL_BEST_200_UNTRIED,8V8_RAWV51_I028_raw_safe_graft_r028,8V4_V51_V002_core_rare22_c1,unrestricted_cd_leader_v51,raw_safe_graft,long,5m,597,3003,1336,1667,44.488844,4.457843,12.382223,7.354382,104.117205136,1.683652,False,mdd_fail,8V8 long dual-best improvement from 8V4_V51_V002_core_rare22_c1; group=raw_safe_graft; tag=r028; focus=graft strict/lowanchor safe branch only onto risky V51 contexts
8V8_LONG_DUAL_BEST_200_UNTRIED,8V8_RAWV51_I055_raw_return_extend_r055,8V4_V51_V002_core_rare22_c1,unrestricted_cd_leader_v51,raw_return_extend,long,5m,597,1636,845,791,51.650367,3.552011,11.797534,7.399078,103.52554743,1.59446,False,mdd_fail,8V8 long dual-best improvement from 8V4_V51_V002_core_rare22_c1; group=raw_return_extend; tag=r055; focus=preserve raw max_return by extending winners and blocking only adverse shock
8V8_LONG_DUAL_BEST_200_UNTRIED,8V8_RAWV51_I052_raw_return_extend_r052,8V4_V51_V002_core_rare22_c1,unrestricted_cd_leader_v51,raw_return_extend,long,5m,597,4574,1802,2772,39.396589,3.655564,15.015793,10.155646,103.335196005,1.478566,False,mdd_fail,8V8 long dual-best improvement from 8V4_V51_V002_core_rare22_c1; group=raw_return_extend; tag=r052; focus=preserve raw max_return by extending winners and blocking only adverse shock
8V8_LONG_DUAL_BEST_200_UNTRIED,8V8_RAWV51_I051_raw_return_extend_r051,8V4_V51_V002_core_rare22_c1,unrestricted_cd_leader_v51,raw_return_extend,long,5m,597,5457,2077,3380,38.061206,4.67405,15.072928,10.637989,102.831482625,1.416896,False,mdd_fail,8V8 long dual-best improvement from 8V4_V51_V002_core_rare22_c1; group=raw_return_extend; tag=r051; focus=preserve raw max_return by extending winners and blocking only adverse shock
8V8_LONG_DUAL_BEST_200_UNTRIED,8V8_RAWV51_I002_raw_cluster_cover_r002,8V4_V51_V002_core_rare22_c1,unrestricted_cd_leader_v51,raw_cluster_cover,long,5m,597,4156,1911,2245,45.981713,3.047668,8.186767,5.095532,102.67407571,1.606656,False,mdd_fail,8V8 long dual-best improvement from 8V4_V51_V002_core_rare22_c1; group=raw_cluster_cover; tag=r002; focus=cover V51 loss clusters while preserving rare22 engine
8V8_LONG_DUAL_BEST_200_UNTRIED,8V8_SAFE6V2_I053_safe_reclaim_quality_s053,6V2_L01_doubleflush_core,official_mdd5_cd_leader_6v2,safe_reclaim_quality,long,5m,597,2779,969,1810,34.868658,2.278008,8.766049,6.683022,101.497190469,1.311689,False,mdd_fail,8V8 long dual-best improvement from 6V2_L01_doubleflush_core; group=safe_reclaim_quality; tag=s053; focus=reclaim quality / spring / EMA repair mix
8V8_LONG_DUAL_BEST_200_UNTRIED,8V8_RAWV51_I077_raw_official_conversion_r077,8V4_V51_V002_core_rare22_c1,unrestricted_cd_leader_v51,raw_official_conversion,long,5m,597,3458,1643,1815,47.513013,2.084799,7.144916,5.468069,101.286158692,1.306662,False,mdd_fail,8V8 long dual-best improvement from 8V4_V51_V002_core_rare22_c1; group=raw_official_conversion; tag=r077; focus=convert V51 raw leader into MDD<5 official-pass candidate
8V8_LONG_DUAL_BEST_200_UNTRIED,8V8_RAWV51_I001_raw_cluster_cover_r001,8V4_V51_V002_core_rare22_c1,unrestricted_cd_leader_v51,raw_cluster_cover,long,5m,597,5244,2415,2829,46.052632,2.944478,7.252201,5.855174,100.972398856,1.238597,False,mdd_fail,8V8 long dual-best improvement from 8V4_V51_V002_core_rare22_c1; group=raw_cluster_cover; tag=r001; focus=cover V51 loss clusters while preserving rare22 engine
8V8_LONG_DUAL_BEST_200_UNTRIED,8V8_SAFE6V2_I003_safe_density_release_s003,6V2_L01_doubleflush_core,official_mdd5_cd_leader_6v2,safe_density_release,long,5m,597,2652,1142,1510,43.06184,1.703005,6.081251,5.083715,100.688382166,1.196222,False,mdd_fail,8V8 long dual-best improvement from 6V2_L01_doubleflush_core; group=safe_density_release; tag=s003; focus=safe baseline density release without blind parameter tuning
8V8_LONG_DUAL_BEST_200_UNTRIED,8V8_RAWV51_I066_raw_return_extend_r066,8V4_V51_V002_core_rare22_c1,unrestricted_cd_leader_v51,raw_return_extend,long,5m,597,1674,465,1209,27.777778,0.206716,6.39855,5.945135,100.073012672,1.076267,False,mdd_fail,8V8 long dual-best improvement from 8V4_V51_V002_core_rare22_c1; group=raw_return_extend; tag=r066; focus=preserve raw max_return by extending winners and blocking only adverse shock
8V8_LONG_DUAL_BEST_200_UNTRIED,8V8_SAFE6V2_I052_safe_reclaim_quality_s052,6V2_L01_doubleflush_core,official_mdd5_cd_leader_6v2,safe_reclaim_quality,long,5m,597,0,0,0,0.0,0.0,0.0,0.0,100.0,0.0,False,no_trade,8V8 long dual-best improvement from 6V2_L01_doubleflush_core; group=safe_reclaim_quality; tag=s052; focus=reclaim quality / spring / EMA repair mix
8V8_LONG_DUAL_BEST_200_UNTRIED,8V8_SAFE6V2_I057_safe_reclaim_quality_s057,6V2_L01_doubleflush_core,official_mdd5_cd_leader_6v2,safe_reclaim_quality,long,5m,597,0,0,0,0.0,0.0,0.0,0.0,100.0,0.0,False,no_trade,8V8 long dual-best improvement from 6V2_L01_doubleflush_core; group=safe_reclaim_quality; tag=s057; focus=reclaim quality / spring / EMA repair mix
8V8_LONG_DUAL_BEST_200_UNTRIED,8V8_SAFE6V2_I062_safe_reclaim_quality_s062,6V2_L01_doubleflush_core,official_mdd5_cd_leader_6v2,safe_reclaim_quality,long,5m,597,0,0,0,0.0,0.0,0.0,0.0,100.0,0.0,False,no_trade,8V8 long dual-best improvement from 6V2_L01_doubleflush_core; group=safe_reclaim_quality; tag=s062; focus=reclaim quality / spring / EMA repair mix
8V8_LONG_DUAL_BEST_200_UNTRIED,8V8_SAFE6V2_I067_safe_reclaim_quality_s067,6V2_L01_doubleflush_core,official_mdd5_cd_leader_6v2,safe_reclaim_quality,long,5m,597,0,0,0,0.0,0.0,0.0,0.0,100.0,0.0,False,no_trade,8V8 long dual-best improvement from 6V2_L01_doubleflush_core; group=safe_reclaim_quality; tag=s067; focus=reclaim quality / spring / EMA repair mix
8V8_LONG_DUAL_BEST_200_UNTRIED,8V8_SAFE6V2_I072_safe_reclaim_quality_s072,6V2_L01_doubleflush_core,official_mdd5_cd_leader_6v2,safe_reclaim_quality,long,5m,597,0,0,0,0.0,0.0,0.0,0.0,100.0,0.0,False,no_trade,8V8 long dual-best improvement from 6V2_L01_doubleflush_core; group=safe_reclaim_quality; tag=s072; focus=reclaim quality / spring / EMA repair mix
8V8_LONG_DUAL_BEST_200_UNTRIED,8V8_RAWV51_I026_raw_safe_graft_r026,8V4_V51_V002_core_rare22_c1,unrestricted_cd_leader_v51,raw_safe_graft,long,5m,597,4232,1883,2349,44.494329,1.064074,6.243596,5.960893,99.91052906,1.047426,False,mdd_fail,8V8 long dual-best improvement from 8V4_V51_V002_core_rare22_c1; group=raw_safe_graft; tag=r026; focus=graft strict/lowanchor safe branch only onto risky V51 contexts
8V8_LONG_DUAL_BEST_200_UNTRIED,8V8_SAFE6V2_I051_safe_reclaim_quality_s051,6V2_L01_doubleflush_core,official_mdd5_cd_leader_6v2,safe_reclaim_quality,long,5m,597,4087,1439,2648,35.2092,1.113812,5.624042,6.220715,99.053471123,0.904083,False,mdd_fail,8V8 long dual-best improvement from 6V2_L01_doubleflush_core; group=safe_reclaim_quality; tag=s051; focus=reclaim quality / spring / EMA repair mix
8V8_LONG_DUAL_BEST_200_UNTRIED,8V8_SAFE6V2_I077_safe_exit_repair_s077,6V2_L01_doubleflush_core,official_mdd5_cd_leader_6v2,safe_exit_repair,long,5m,597,3810,1509,2301,39.606299,0.053507,5.270062,5.923051,99.034862698,0.889755,False,mdd_fail,8V8 long dual-best improvement from 6V2_L01_doubleflush_core; group=safe_exit_repair; tag=s077; focus=exit-first repair with minimal extra entry filters
8V8_LONG_DUAL_BEST_200_UNTRIED,8V8_SAFE6V2_I027_safe_dd_brake_s027,6V2_L01_doubleflush_core,official_mdd5_cd_leader_6v2,safe_dd_brake,long,5m,597,3809,1664,2145,43.686007,-0.13225,4.975055,5.865277,98.817977445,0.848222,False,mdd_fail,8V8 long dual-best improvement from 6V2_L01_doubleflush_core; group=safe_dd_brake; tag=s027; focus=official MDD guard through loss cluster and symbol DD brakes
8V8_LONG_DUAL_BEST_200_UNTRIED,8V8_RAWV51_I054_raw_return_extend_r054,8V4_V51_V002_core_rare22_c1,unrestricted_cd_leader_v51,raw_return_extend,long,5m,597,2314,1056,1258,45.635264,-1.395714,8.733384,9.433268,98.476272905,0.925807,False,mdd_fail,8V8 long dual-best improvement from 8V4_V51_V002_core_rare22_c1; group=raw_return_extend; tag=r054; focus=preserve raw max_return by extending winners and blocking only adverse shock
8V8_LONG_DUAL_BEST_200_UNTRIED,8V8_SAFE6V2_I002_safe_density_release_s002,6V2_L01_doubleflush_core,official_mdd5_cd_leader_6v2,safe_density_release,long,5m,597,3505,1508,1997,43.024251,-0.920871,4.348654,5.817788,98.277869859,0.747475,False,mdd_fail,8V8 long dual-best improvement from 6V2_L01_doubleflush_core; group=safe_density_release; tag=s002; focus=safe baseline density release without blind parameter tuning
8V8_LONG_DUAL_BEST_200_UNTRIED,8V8_RAWV51_I053_raw_return_extend_r053,8V4_V51_V002_core_rare22_c1,unrestricted_cd_leader_v51,raw_return_extend,long,5m,597,3163,951,2212,30.066393,-3.132441,9.80272,11.780365,96.867558795,0.832124,False,mdd_fail,8V8 long dual-best improvement from 8V4_V51_V002_core_rare22_c1; group=raw_return_extend; tag=r053; focus=preserve raw max_return by extending winners and blocking only adverse shock
8V8_LONG_DUAL_BEST_200_UNTRIED,8V8_SAFE6V2_I083_safe_exit_repair_s083,6V2_L01_doubleflush_core,official_mdd5_cd_leader_6v2,safe_exit_repair,long,5m,597,960,330,630,34.375,-3.385948,0.0,3.385948,96.61405223,0.0,False,return_fail,8V8 long dual-best improvement from 6V2_L01_doubleflush_core; group=safe_exit_repair; tag=s083; focus=exit-first repair with minimal extra entry filters
8V8_LONG_DUAL_BEST_200_UNTRIED,8V8_SAFE6V2_I086_safe_exit_repair_s086,6V2_L01_doubleflush_core,official_mdd5_cd_leader_6v2,safe_exit_repair,long,5m,597,2995,1175,1820,39.232053,-3.490653,1.683735,5.639562,95.949217246,0.298558,False,mdd_fail,8V8 long dual-best improvement from 6V2_L01_doubleflush_core; group=safe_exit_repair; tag=s086; focus=exit-first repair with minimal extra entry filters
8V8_LONG_DUAL_BEST_200_UNTRIED,8V8_SAFE6V2_I087_safe_exit_repair_s087,6V2_L01_doubleflush_core,official_mdd5_cd_leader_6v2,safe_exit_repair,long,5m,597,2585,975,1610,37.717602,-3.952683,1.803825,5.84764,95.850703724,0.308471,False,mdd_fail,8V8 long dual-best improvement from 6V2_L01_doubleflush_core; group=safe_exit_repair; tag=s087; focus=exit-first repair with minimal extra entry filters
8V8_LONG_DUAL_BEST_200_UNTRIED,8V8_SAFE6V2_I080_safe_exit_repair_s080,6V2_L01_doubleflush_core,official_mdd5_cd_leader_6v2,safe_exit_repair,long,5m,597,1629,549,1080,33.701657,-5.839364,0.499492,6.313204,94.154754719,0.079119,False,mdd_fail,8V8 long dual-best improvement from 6V2_L01_doubleflush_core; group=safe_exit_repair; tag=s080; focus=exit-first repair with minimal extra entry filters
8V8_LONG_DUAL_BEST_200_UNTRIED,8V8_SAFE6V2_I089_safe_exit_repair_s089,6V2_L01_doubleflush_core,official_mdd5_cd_leader_6v2,safe_exit_repair,long,5m,597,1549,202,1347,13.040671,-7.370882,0.006469,7.376874,92.629118263,0.000877,False,mdd_fail,8V8 long dual-best improvement from 6V2_L01_doubleflush_core; group=safe_exit_repair; tag=s089; focus=exit-first repair with minimal extra entry filters
8V8_LONG_DUAL_BEST_200_UNTRIED,8V8_SAFE6V2_I081_safe_exit_repair_s081,6V2_L01_doubleflush_core,official_mdd5_cd_leader_6v2,safe_exit_repair,long,5m,597,2101,453,1648,21.561161,-7.514148,0.0,7.515743,92.484256787,0.0,False,mdd_fail,8V8 long dual-best improvement from 6V2_L01_doubleflush_core; group=safe_exit_repair; tag=s081; focus=exit-first repair with minimal extra entry filters
8V8_LONG_DUAL_BEST_200_UNTRIED,8V8_SAFE6V2_I088_safe_exit_repair_s088,6V2_L01_doubleflush_core,official_mdd5_cd_leader_6v2,safe_exit_repair,long,5m,597,1698,164,1534,9.658422,-8.620313,0.0,8.620313,91.379687452,0.0,False,mdd_fail,8V8 long dual-best improvement from 6V2_L01_doubleflush_core; group=safe_exit_repair; tag=s088; focus=exit-first repair with minimal extra entry filters
8V8_LONG_DUAL_BEST_200_UNTRIED,8V8_SAFE6V2_I079_safe_exit_repair_s079,6V2_L01_doubleflush_core,official_mdd5_cd_leader_6v2,safe_exit_repair,long,5m,597,2332,751,1581,32.204117,-9.412219,0.042418,9.457879,90.580527299,0.004485,False,mdd_fail,8V8 long dual-best improvement from 6V2_L01_doubleflush_core; group=safe_exit_repair; tag=s079; focus=exit-first repair with minimal extra entry filters
8V8_LONG_DUAL_BEST_200_UNTRIED,8V8_SAFE6V2_I078_safe_exit_repair_s078,6V2_L01_doubleflush_core,official_mdd5_cd_leader_6v2,safe_exit_repair,long,5m,597,2476,154,2322,6.219709,-12.129257,0.013239,12.140888,87.870743259,0.00109,False,mdd_fail,8V8 long dual-best improvement from 6V2_L01_doubleflush_core; group=safe_exit_repair; tag=s078; focus=exit-first repair with minimal extra entry filters
